smiles,target
Cc1cc(C)c(/C=C2\C(=O)Nc3ncnc(Nc4ccc(F)c(Cl)c4)c32)[nH]1,7.39
Cc1cc(C(=O)N2CCOCC2)[nH]c1/C=C1\C(=O)Nc2ncnc(Nc3ccc(F)c(Cl)c3)c21,6.77
CN(c1ccccc1)c1ncnc2ccc(N/N=N/Cc3ccccn3)cc12,5.03
N#CC(C#N)=Cc1cc(O)ccc1[N+](=O)[O-],4.02
Cc1cc(C(=O)NCCN2CCOCC2)[nH]c1/C=C1\C(=O)N(C)c2ncnc(Nc3ccc(F)c(Cl)c3)c21,5.28
N#CC(C#N)=C(N)/C(C#N)=C/c1ccc(O)cc1,6.9
N#CC(C#N)=Cc1ccc(O)c(O)c1,4.46
CCN(CC)CC(O)CNC(=O)c1cc(C)c(/C=C2\C(=O)Nc3ncnc(Nc4ccc(F)c(Cl)c4)c32)[nH]1,9.35
N#C/C(=C\c1ccc(O)c(O)c1)C(N)=O,5.0
N#CC(C#N)=C(N)/C(C#N)=C/c1ccc(O)c([N+](=O)[O-])c1,4.22
N#CC(C#N)=Cc1cc(O)c(O)c(O)c1,5.52
C/N=N/Nc1ccc2ncnc(N(C)c3ccccc3)c2c1,5.1
CN(C)/N=N/c1ccc2ncnc(Nc3cccc(Cl)c3)c2c1,7.85
Cc1cccc(Nc2ncnc3ccc(N)cc23)c1,6.0
C/N=N/Nc1ccc2ncnc(Nc3cccc(Cl)c3)c2c1,7.0
CN(C)/N=N/c1ccc2ncnc(N(C)c3ccccc3)c2c1,4.88
O=CN/C=C/c1cc(O)ccc1O,4.85
Brc1cccc(Nc2ncnc3ccc(N/N=N/Cc4ccccn4)cc23)c1,6.62
Brc1cccc(Nc2ncnc3ccc(N/N=N/CCN4CCOCC4)cc23)c1,7.19
O=C1Nc2ncnc(Nc3ccc(F)c(Cl)c3)c2/C1=C/c1ccc(C(=O)NCCN2CCOCC2)[nH]1,7.66
N#CC(C#N)=C(O)c1cc(O)c(O)c(O)c1,4.87
Cc1cc(C(=O)N2CCOCC2)[nH]c1/C=C1\C(=O)Nc2ncnc(Nc3ccc4c(ccn4Cc4ccccc4)c3)c21,8.35
Nc1ccc2ncnc(NCc3ccccc3)c2c1,6.29
CCN(CC)CCNC(=O)c1c(C)[nH]c(/C=C2\C(=O)Nc3ncnc(Nc4ccc(F)c(Cl)c4)c32)c1C,6.7
Cc1cc(/C=C2\C(=O)Nc3ncnc(Nc4ccc(F)c(Cl)c4)c32)[nH]c1C(=O)N1CCN(C)CC1,6.68
Cc1cc(C(=O)N2CCOCC2)[nH]c1/C=C1\C(=O)Nc2ncnc(Nc3ccc4c(c3)CCC4)c21,5.85
N#C/C(=C\c1ccc(C=O)cc1)C(=O)O,4.33
Cc1cc(C(=O)NCCN2CCOCC2)[nH]c1/C=C1\C(=O)Nc2ncnc(Nc3ccc(F)c(Cl)c3)c21,8.19
CN(c1ccccc1)c1ncnc2ccc(N)cc12,5.08
CCN1CCN(C(=O)c2cc(C)c(/C=C3\C(=O)Nc4ncnc(Nc5ccc(F)c(Cl)c5)c43)[nH]2)CC1,7.89
N#CC(C#N)=Cc1ccc(C=O)cc1,4.22
N#CC(C#N)=Cc1cc(O)cc(O)c1,4.43
Cc1cc(C(=O)O)[nH]c1/C=C1\C(=O)Nc2ncnc(Nc3ccc(F)c(Cl)c3)c21,7.54
COc1cc(C=C(C#N)C#N)cc(O)c1O,5.22
Nc1ccc2ncnc(Nc3cccc(Cl)c3)c2c1,6.7
Nc1ccc2ncnc(Nc3cccc(Br)c3)c2c1,7.36
N#C/C(=C/c1cc(O)ccc1O)C(=O)O,4.12
Cc1cc(CCC(=O)O)[nH]c1/C=C1\C(=O)Nc2ncnc(Nc3ccc(F)c(Cl)c3)c21,8.33
Cc1cc(C(=O)N2CCOCC2)[nH]c1/C=C1\C(=O)Nc2ncnc(Nc3ccc4c(cnn4Cc4ccccc4)c3)c21,8.74
CN(C)/N=N/c1ccc2ncnc(Nc3cccc(Br)c3)c2c1,7.96
CCCCc1cc(/C=C(\C#N)C(N)=O)cc(CCCC)c1O,4.26
COc1cc(/C=C(\C#N)C(N)=C(C#N)C#N)cc(O)c1O,5.92
Cc1cc(C(=O)N2CCN(C)CC2)[nH]c1/C=C1\C(=O)Nc2ncnc(Nc3ccc(F)c(Cl)c3)c21,8.55
C#Cc1cccc(Nc2ncnc3c2/C(=C/c2[nH]c(C(=O)NCCN4CCOCC4)cc2C)C(=O)N3)c1,7.75
Nc1ncnc2c1c(-c1ccc(Oc3ccccc3)cc1)cn2C1CCCC1,5.5
CCN(CC)CCNC(=O)c1cc(C)c(/C=C2\C(=O)Nc3ncnc(Nc4ccc(F)c(Cl)c4)c32)[nH]1,8.92
C/N=N/Nc1ccc2ncnc(Nc3cccc(C)c3)c2c1,6.7
C/N=N/Nc1ccc2ncnc(Nc3cccc(Br)c3)c2c1,7.41
CN(C)/N=N/c1ccc2ncnc(NCc3ccccc3)c2c1,6.32
N#CC(C#N)=C(N)/C(C#N)=C/c1cc(O)c(O)c(O)c1,6.1
N#CC(C#N)=C(N)/C(C#N)=C/c1ccc(O)c(O)c1,5.6
Cc1c(C(=O)N2CCN(C)CC2)c[nH]c1/C=C1\C(=O)Nc2ncnc(Nc3ccc(F)c(Cl)c3)c21,6.39
Cc1cc(C(=O)N2CC(C)NC(C)C2)[nH]c1/C=C1\C(=O)Nc2ncnc(Nc3ccc(F)c(Cl)c3)c21,8.23
CN(C)CC/N=N/Nc1ccc2ncnc(Nc3cccc(Br)c3)c2c1,7.42
C/N=N/Nc1ccc2ncnc(NCc3ccccc3)c2c1,6.47
Brc1cccc(Nc2ncnc3ccc(N/N=N/Cc4ccccc4)cc23)c1,7.6
N#C/C(=C\c1ccc(O)c(O)c1)C(N)=S,5.62
Cc1cc(C(=O)NCCN2CCOCC2)[nH]c1/C=C1\C(=O)Nc2ncnc(Nc3ccc4c(ccn4Cc4ccccc4)c3)c21,8.96
Cc1[nH]c(/C=C2\C(=O)Nc3ncnc(Nc4ccc(F)c(Cl)c4)c32)c(C)c1CCC(=O)O,6.75
CCN(CC)CCNC(=O)c1cc(C)c(/C=C2\C(=O)Nc3ncnc(Nc4ccc(Cl)cc4F)c32)[nH]1,6.35
Cc1cccc(Nc2ncnc3ccc(/N=N/N(C)C)cc23)c1,7.62
COCC/N=N/Nc1ccc2ncnc(Nc3cccc(Br)c3)c2c1,7.15
N#C/C(=C\c1ccc(O)c(O)c1)C(=O)O,4.6
N#CC(C#N)=C(N)/C(C#N)=C/c1cc(O)c(O)c(Br)c1,6.3
COc1cccc(-c2ccc3c(c2)NC(=O)/C3=C\c2[nH]c3c(c2CCC(=O)O)CCCC3)c1,5.05
COc1cc(Nc2c(C#N)cnc3cc(-c4ccc(CN5CCOCC5)cc4)ccc23)c(Cl)cc1Cl,5.52
O=C(O)CCc1c(/C=C2\C(=O)Nc3ccc(C(=O)O)cc32)[nH]c2c1CCCC2,4.25
NS(=O)(=O)c1ccc2c(c1)/C(=C/c1[nH]c3c(c1CCC(=O)O)CCCC3)C(=O)N2,4.54
C=CC(=O)N(CCN(C)C)c1cc2c(Nc3cccc(Br)c3)ncnc2cn1,8.38
Cc1cccc(Nc2ncnc3cnc(N(C)C)nc23)c1,8.4
Cc1cccc(Nc2ncnc3cnc(Cl)nc23)c1,6.42
C=CC(=O)N(CCCN1CCOCC1)c1ccc2ncnc(Nc3cccc(Br)c3)c2c1,8.48
CCn1c(=O)c(-c2c(Cl)cccc2Cl)cc2cnc(Nc3ccccc3)nc21,6.7
Cn1c(=O)c(-c2c(Cl)cccc2Cl)cc2cnc(Nc3cccc(Br)c3)nc21,6.17
COc1cccc(Nc2ncc3cc(-c4c(Cl)cccc4Cl)c(=O)n(C)c3n2)c1,7.52
O=C(/C=C/C(=O)Nc1cc2c(Nc3cccc(Br)c3)ncnc2cn1)NCCCN1CCOCC1,9.09
COc1ncc2ncnc(Nc3cccc(Br)c3)c2n1,8.42
COc1cc2ncnc(Nc3ccc(F)c(Cl)c3)c2cc1OCCCN1CCOCC1,6.29
C#Cc1cccc(Nc2c(C#N)cnc3cc(OCCOC)c(OCCOC)cc23)c1,6.07
Cc1cccc(Nc2ncnc3cnc(N)nc23)c1,7.77
COc1cccc2c(C(=O)Nc3ccccc3)c(SSc3c(C(=O)Nc4ccccc4)c4cccc(OC)c4n3C)n(C)c12,5.19
COC(=O)c1cccc(NCc2cc(O)ccc2O)c1,5.05
C=CC(=O)Nc1cc2c(Nc3ccc(F)c(Cl)c3)ncnc2cc1OCCCN1CCOCC1.Cl.Cl,8.82
COc1ccc(Nc2ncc3cc(-c4c(Cl)cccc4Cl)c(=O)n(C)c3n2)cn1,5.89
CNc1ncc2ncnc(Nc3cccc(C)c3)c2n1,8.37
COC(=O)c1cc(NCc2ccccc2O)ccc1O,4.7
CCOC(=O)/C=C/C(=O)Nc1cc2c(Nc3cccc(Br)c3)ncnc2cn1,8.82
COc1ccc(Nc2ncc3cc(-c4c(Cl)cccc4Cl)c(=O)n(C)c3n2)cc1C,6.6
Brc1cccc(Nc2ncnc3cnc(NCCCN4CCOCC4)nc23)c1,8.54
Cn1c(SSc2c(C(=O)Nc3ccccc3)c3ccccc3n2C)c(C(=O)Nc2ccccc2)c2ccccc21,5.0
CN1CCN(CCCCCNc2ncc3cc(-c4c(Cl)cccc4Cl)c(=O)n(C)c3n2)CC1,5.35
Cn1c(=O)c(-c2c(Cl)cccc2Cl)cc2cnc(Nc3cccc(CO)c3)nc21,7.05
Brc1cccc(Nc2ncnc3cnc(NCCN4CCOCC4)nc23)c1,9.09
O=C(CCc1c(SSc2[nH]c3ccccc3c2CCC(=O)NCc2ccccc2)[nH]c2ccccc12)NCc1ccccc1,6.07
CNc1ncc2ncnc(Nc3ccccc3)c2n1,7.89
O=C1NC(=O)c2cc(Nc3ccc(O)cc3)c(Nc3ccc(O)cc3)cc21,5.6
C=CC(=O)Nc1ccc2ncnc(Nc3cccc(Br)c3)c2c1,9.15
C/C=C/C(=O)Nc1cc2c(Nc3cccc(Br)c3)ncnc2cn1,9.3
Cn1c(SSc2c(C(=O)Nc3ccccc3)c3cc(C#N)ccc3n2C)c(C(=O)Nc2ccccc2)c2cc(C#N)ccc21,4.27
Cn1c(SSc2c(C(=O)Nc3ccccc3)c3cccc(O)c3n2C)c(C(=O)Nc2ccccc2)c2cccc(O)c21,4.0
C=CC(=O)N(C)c1cc2c(Nc3cccc(Br)c3)ncnc2cn1,9.77
CCN(CC)CCCNC(=O)/C=C/C(=O)Nc1cc2c(Nc3cccc(Br)c3)ncnc2cn1,9.14
Cn1c(SSc2c(C(=O)Nc3ccccc3)c3cc([N+](=O)[O-])ccc3n2C)c(C(=O)Nc2ccccc2)c2cc([N+](=O)[O-])ccc21,5.3
C=CC(=O)N(CCCN1CCOCC1)c1cc2c(Nc3cccc(Br)c3)ncnc2cn1,8.57
COc1cc(Nc2ncc3cc(-c4c(Cl)cccc4Cl)c(=O)n(C)c3n2)cc(OC)c1,6.48
Clc1ncc2ncnc(Nc3cccc(Br)c3)c2n1,7.09
CN1C(=S)C(C(=O)Nc2ccccc2)c2ccccc21,6.0
COC(=O)c1cc(NCc2cccc(O)c2)ccc1O,4.68
CNc1ncc2ncnc(Nc3cccc(Br)c3)c2n1,9.12
C=C(C)C(=O)Nc1cc2c(Nc3cccc(Br)c3)ncnc2cn1,8.8
C/C=C/C(=O)Nc1ccc2ncnc(Nc3cccc(Br)c3)c2c1,9.26
Nc1ncc2ncnc(Nc3cccc(Br)c3)c2n1,8.82
Cc1cccc(Nc2ncnc3cnc(NCCN4CCOCC4)nc23)c1,8.64
Clc1ncc2ncnc(Nc3ccccc3)c2n1,5.59
C=CC(=O)Nc1cc2c(Nc3ccc(F)c(Cl)c3)ncnc2cc1OCCCN1CCOCC1,7.13
CCOC(=O)/C=C/C(=O)Nc1ccc2ncnc(Nc3cccc(Br)c3)c2c1,8.57
O=C(/C=C/C(=O)Nc1cc2c(Nc3ccc(F)c(Cl)c3)ncnc2cn1)NCCCN1CCOCC1,9.21
Cn1c(=O)c(-c2c(Cl)cccc2Cl)cc2cnc(Nc3cccc(O)c3)nc21,6.82
CCOC(=O)CCCc1ccc(Nc2ncc3cc(-c4c(Cl)cccc4Cl)c(=O)n(C)c3n2)cc1,6.16
Brc1cccc(Nc2ncnc3cnc(NCCc4c[nH]cn4)nc23)c1,9.6
CN(C)c1cc2c(Nc3cccc(Br)c3)ncnc2cn1,8.59
O=C(/C=C/Cl)Nc1cc2c(Nc3cccc(Br)c3)ncnc2cn1,9.16
CC(=O)/C=C/C(=O)Nc1ccc2ncnc(Nc3cccc(Br)c3)c2c1,8.92
C=CS(=O)(=O)Nc1ccc2ncnc(Nc3cccc(Br)c3)c2c1,8.85
Cc1cccc(Nc2ncnc3cnc(NCCc4c[nH]cn4)nc23)c1,8.52
O=c1c(-c2ccc(O)cc2)coc2cc(O)cc(O)c12,6.0
CN(C)CCCNC(=O)/C=C/C(=O)N(C)c1cc2c(Nc3cccc(Br)c3)ncnc2cn1,8.84
C=CS(=O)(=O)c1cc2c(Nc3cccc(Br)c3)ncnc2cn1,9.37
COc1ccc(Nc2ncc3cc(-c4c(Cl)cccc4Cl)c(=O)n(C)c3n2)cc1,6.66
CNc1ccc2ncnc(Nc3cccc(Br)c3)c2n1,8.51
C=CC(=O)Nc1cc2c(Nc3ccc(F)c(Cl)c3)c(C#N)cnc2cc1OCCCN1CCOCC1,7.1
COC(=O)c1cc(NCc2cc(O)ccc2O)ccc1O,5.05
O=C1NC(=O)c2cc(Nc3ccccc3)c(Nc3ccccc3)cc21,6.52
CN(c1ccccc1)c1cc2c(cc1Nc1ccccc1)C(=O)NC2=O,5.06
CC(=O)Oc1ccc2c(c1)c(C(=O)Nc1ccccc1)c(SSc1c(C(=O)Nc3ccccc3)c3cc(OC(C)=O)ccc3n1C)n2C,5.28
O=S(=O)(CCO)c1cc2c(Nc3cccc(Br)c3)ncnc2cn1,7.03
Cn1c(=O)c(-c2c(Cl)cccc2Cl)cc2cnc(Nc3ccc(CC(=O)O)cc3)nc21,6.66
COc1ccccc1Nc1ncc2cc(-c3c(Cl)cccc3Cl)c(=O)n(C)c2n1,7.18
Brc1cccc(Nc2ncnc3cnc(NCCCn4ccnc4)nc23)c1,8.64
COC(=O)c1cc(NCc2cc(O)ccc2O)ccc1OC,5.02
Cn1c(=O)c(-c2c(Cl)cccc2Cl)cc2cnc(NCCCCCC(=O)O)nc21,6.0
C#Cc1cccc(Nc2ncnc3cc(OCCOC)c(OCCOC)cc23)c1,5.84
C=C(C)C(=O)Nc1ccc2ncnc(Nc3cccc(Br)c3)c2c1,8.92
Cn1c(=O)c(-c2c(Cl)cccc2Cl)cc2cnc(Nc3cccc(C(=O)O)c3)nc21,6.72
CN(C)c1ccc2ncnc(Nc3cccc(Br)c3)c2c1,7.08
CN(C)c1ccc2ncnc(Nc3cccc(Br)c3)c2n1,8.02
Nc1cc2c(Nc3cccc(Br)c3)ncnc2cn1,9.89
Cn1c(SSc2c(C(=O)Nc3ccccc3)c3ccc(O)cc3n2C)c(C(=O)Nc2ccccc2)c2ccc(O)cc21,4.36
COC(=O)c1ccc(NCc2cc(O)ccc2O)cc1O,5.0
Cc1ccc(Nc2cc3c(cc2Nc2ccc(C)cc2)C(=O)NC3=O)cc1,5.6
CN(C)CCCNC(=O)/C=C/C(=O)Nc1cc2c(Nc3cccc(Br)c3)ncnc2cn1,8.96
Cn1c(=O)c(-c2c(Cl)cccc2Cl)cc2cnc(Nc3cccnc3)nc21,6.29
COc1cc2ncc(C#N)c(Nc3ccc(F)c(Cl)c3)c2cc1OCCCN1CCOCC1,5.98
CC(=O)Oc1cccc2c1c(C(=O)Nc1ccccc1)c(SSc1c(C(=O)Nc3ccccc3)c3c(OC(C)=O)cccc3n1C)n2C,4.7
O=C(/C=C/c1ccccc1)Nc1cc2c(Nc3cccc(Br)c3)ncnc2cn1,8.04
Cn1c(=O)c(-c2c(Cl)cccc2Cl)cc2cnc(N)nc21,5.25
COc1ccc2ncnc(Nc3cccc(Br)c3)c2n1,8.37
Cn1c(SSc2c(C(=O)Nc3ccccc3)c3cc(O)ccc3n2C)c(C(=O)Nc2ccccc2)c2cc(O)ccc21,4.39
Cn1c(SSc2c(C(=O)Nc3ccccc3)c3cccnc3n2C)c(C(=O)Nc2ccccc2)c2cccnc21,4.65
C=CC(=O)Nc1cc2c(Nc3cccc(Br)c3)ncnc2cn1,9.04
O=C(/C=C/C(F)(F)F)Nc1ccc2ncnc(Nc3cccc(Br)c3)c2c1,8.76
C=C=CC(=O)Nc1ccc2ncnc(Nc3cccc(Br)c3)c2c1,8.8
CCn1c(=O)c(-c2c(Cl)cccc2Cl)cc2cnc(Nc3ccncc3)nc21,6.31
CCN(CC)CCCNc1ncc2cc(-c3c(Cl)cccc3Cl)c(=O)n(C)c2n1,5.85
CN1CCN(CCCCNc2ncc3cc(-c4c(Cl)cccc4Cl)c(=O)n(C)c3n2)CC1,6.68
CN(C)c1ncc2ncnc(Nc3cccc(Br)c3)c2n1,9.02
Cn1c(SSc2c(C(=O)Nc3ccccc3)c3cc(Cl)ccc3n2C)c(C(=O)Nc2ccccc2)c2cc(Cl)ccc21,5.37
CN(C)CCCOC(=O)/C=C/C(=O)Nc1ccc2ncnc(Nc3cccc(Br)c3)c2c1,8.62
C=C[S+]([O-])c1cc2c(Nc3cccc(Br)c3)ncnc2cn1,8.34
CNc1ncc2cc(-c3c(Cl)cccc3Cl)c(=O)n(C)c2n1,5.12
C=C/C=C/C(=O)Nc1cc2c(Nc3cccc(Br)c3)ncnc2cn1,8.96
C=CS(=O)(=O)Nc1cc2c(Nc3cccc(Br)c3)ncnc2cn1,9.12
Cn1c(=O)c(-c2c(Cl)cccc2Cl)cc2cnc(Nc3ccc(CCCC(=O)O)cc3)nc21,7.1
Cn1c(=O)c(-c2c(Cl)cccc2Cl)cc2cnc(Nc3ccncc3)nc21,6.04
O=C(O)c1cc(NCc2cc(O)ccc2O)ccc1O,4.04
O=C(O)/C=C/C(=O)Nc1ccc2ncnc(Nc3cccc(Br)c3)c2c1,9.43
Cn1c(=O)c(-c2c(Cl)cccc2Cl)cc2cnc(Nc3ccccc3)nc21,6.58
CNc1ccc2ncnc(Nc3cccc(Br)c3)c2c1,7.96
Cn1c(SSc2c(C(=O)Nc3ccccc3)c3cc(Br)ccc3n2C)c(C(=O)Nc2ccccc2)c2cc(Br)ccc21,4.94
COc1ccc2c(C(=O)Nc3ccccc3)c(SSc3c(C(=O)Nc4ccccc4)c4ccc(OC)cc4n3C)n(C)c2c1,5.44
O=C(/C=C/C(=O)Nc1cc2c(Nc3cccc(Br)c3)ncnc2cn1)NCCCn1ccnc1,9.25
CN1CCN(CCCNc2ncc3cc(-c4c(Cl)cccc4Cl)c(=O)n(C)c3n2)CC1,5.06
CN(C)CCNc1ncc2ncnc(Nc3cccc(Br)c3)c2n1,7.46
CC(=O)Oc1cccc2c(C(=O)Nc3ccccc3)c(SSc3c(C(=O)Nc4ccccc4)c4cccc(OC(C)=O)c4n3C)n(C)c12,5.0
CCNc1ncc2cc(-c3c(Cl)cccc3Cl)c(=O)n(C)c2n1,5.35
Cc1ccc(Nc2ncc3cc(-c4c(Cl)cccc4Cl)c(=O)n(C)c3n2)cc1,6.32
COc1ccc2ncnc(Nc3cccc(Br)c3)c2c1,7.52
O=C1NC(=O)c2cc(Nc3ccc(F)cc3)c(Nc3ccc(F)cc3)cc21,6.16
COc1ccc(Nc2cc3c(cc2Nc2ccccc2)C(=O)NC3=O)cc1,5.7
CN(C)CCCNC(=O)/C=C/C(=O)Nc1ccc2ncnc(Nc3cccc(Br)c3)c2c1,9.36
CCOc1cc2ncc(C#N)c(Nc3ccc(F)c(Cl)c3)c2cc1NC(=O)/C=C/CN(C)C,7.08
Cn1c(SSc2c(C(=O)Nc3ccccc3)c3c(Cl)cccc3n2C)c(C(=O)Nc2ccccc2)c2c(Cl)cccc21,4.0
CCN(CC)c1ccc(Nc2cc3c(cc2Nc2ccc(N(CC)CC)cc2)C(=O)NC3=O)cc1,4.3
CCCCNc1ncc2cc(-c3c(Cl)cccc3Cl)c(=O)n(C)c2n1,5.36
Nc1ccc2ncnc(Nc3cccc(Br)c3)c2n1,8.12
CNc1cc2c(Nc3cccc(Br)c3)ncnc2cn1,7.82
CN1CC[C@H](c2c(O)cc(O)c3c(=O)cc(-c4ccccc4Cl)oc23)[C@H](O)C1,5.12
Oc1ccc2ncnc(Nc3ccc(OCc4ccccc4)cc3)c2c1,7.01
Brc1cccc(Nc2ncnc3cc4c(cnn4CCN4CCOCC4)cc23)c1,8.43
COc1cc2ncnc(Nc3cccc(Br)c3)c2cc1OC,10.6
CN(C)Cc1c[nH]c2cc3ncnc(Nc4cccc(Br)c4)c3cc12,8.59
Brc1cccc(Nc2ccnc3ccccc23)c1,5.26
CS(=O)(=O)CCNCCCCOc1ccc2ncnc(Nc3ccc(OCc4ccccc4)cc3)c2c1,7.13
COc1ccc2ncnc(Nc3ccc(OCc4ccccc4)cc3)c2c1,7.17
CS(=O)(=O)CCNCc1ccc(-c2ccc3ncnc(Nc4ccc(OCc5cccc(F)c5)c(Cl)c4)c3c2)o1,8.0
O=C(O)Cn1ncc2cc3c(Nc4cccc(Br)c4)ncnc3cc21,7.28
Brc1cccc(Nc2ncnc3cc4c(ccn4CCN4CCOCC4)cc23)c1,8.43
O=C(NCCCCOc1ccc2ncnc(Nc3ccc(OCc4ccccc4)cc3)c2c1)C(F)(F)F,7.13
Brc1cccc(Nc2ncnc3ccccc23)c1,7.57
CS(=O)(=O)CCNCCCCOc1ccc2ncnc(Nc3ccc(F)c(Cl)c3)c2c1,7.7
OCC(O)Cn1ncc2cc3c(Nc4cccc(Br)c4)ncnc3cc21,7.92
CN(C)CCCn1ccc2cc3c(Nc4cccc(Br)c4)ncnc3cc21,7.68
CS(=O)(=O)CCNCCCCOc1ccc2ncnc(Nc3ccc(OCc4cccc(F)c4)c(Cl)c3)c2c1,7.57
Cn1ncc2cc3c(Nc4cccc(Br)c4)ncnc3cc21,9.43
O=C(O)Cn1ccc2cc3c(Nc4cccc(Br)c4)ncnc3cc21,8.29
CS(=O)(=O)CCNCCCOc1ccc2ncnc(Nc3ccc(OCc4ccccc4)cc3)c2c1,6.98
CN(C)CCn1ccc2cc3c(Nc4cccc(Br)c4)ncnc3cc21,7.39
COC(=O)CN(C)Cc1c[nH]c2cc3ncnc(Nc4cccc(Br)c4)c3cc12,8.47
CN(CC(=O)O)Cc1c[nH]c2cc3ncnc(Nc4cccc(Br)c4)c3cc12,9.14
CS(=O)(=O)CCN(CCCCOc1ccc2ncnc(Nc3ccc(OCc4ccccc4)cc3)c2c1)C(=O)C(F)(F)F,6.58
C#Cc1cccc(Nc2ncnc3ccc(OCCCCNCCS(C)(=O)=O)cc23)c1,7.96
CS(=O)(=O)CCNCCCCOc1ccc2ncnc(Nc3ccc(S(=O)(=O)c4ccccc4)cc3)c2c1,7.03
C=CCOc1ccc2ncnc(Nc3ccc(OCc4ccccc4)cc3)c2c1,7.1
CN(C)CCn1ncc2cc3c(Nc4cccc(Br)c4)ncnc3cc21,7.4
Brc1cccc(Nc2ncnc3cc4[nH]ncc4cc23)c1,9.36
Brc1cccc(Nc2ncnc3cc4[nH]ccc4cc23)c1,9.36
CN(C)CCN(C)Cc1c[nH]c2cc3ncnc(Nc4cccc(Br)c4)c3cc12,8.12
Cn1ccc2cc3c(Nc4cccc(Br)c4)ncnc3cc21,9.1
Brc1cccc(Nc2ncnc3cc4c(cnn4CCCN4CCOCC4)cc23)c1,8.06
CS(=O)(=O)CCNCCCCOc1ccc2ncnc(Nc3ccc4c(cnn4Cc4cccc(F)c4)c3)c2c1,7.62
c1ccc(Nc2ncnc3ccccc23)cc1,6.46
Oc1ccc(/N=N/c2ccc(O)cc2O)cc1,4.24
CN(CCCOc1ccc2ncnc(Nc3ccc(OCc4ccccc4)cc3)c2c1)CCS(C)(=O)=O,6.08
OCC(O)Cn1ccc2cc3c(Nc4cccc(Br)c4)ncnc3cc21,8.8
Brc1cccc(Nc2ncnc3cc4[nH]cc(CN5CCOCC5)c4cc23)c1,8.32
OCCN(CCO)Cc1c[nH]c2cc3ncnc(Nc4cccc(Br)c4)c3cc12,8.46
CO[C@H]1[C@@H](N(C)C(=O)c2ccccc2)C[C@@H]2O[C@@]1(C)n1c3ccccc3c3c4c(c5c6ccccc6n2c5c31)C(=O)NC4,5.72
CO[C@H]1[C@@H](N(C)C(=O)c2ccc(Cl)cc2)C[C@@H]2O[C@@]1(C)n1c3ccccc3c3c4c(c5c6ccccc6n2c5c31)C(=O)NC4,5.16
CO[C@H]1[C@@H](N(C)C(=O)c2ccc(C(=O)O)cc2)C[C@@H]2O[C@@]1(C)n1c3ccccc3c3c4c(c5c6ccccc6n2c5c31)C(=O)NC4,6.96
Cc1cccc(C)c1-c1cc2cnc(N)nc2nc1NC(=O)NC(C)(C)C,6.21
CN1CCN(CCCNc2ncc3cc(-c4c(Cl)cccc4Cl)c(NC(=O)NC(C)(C)C)nc3n2)CC1,6.82
Cc1cc(C)c(C)c(-c2cc3cnc(NCCCN4CCN(C)CC4)nc3nc2NC(=O)NC(C)(C)C)c1C,5.16
CO[C@H]1[C@@H](N(C)S(C)(=O)=O)C[C@@H]2O[C@@]1(C)n1c3ccccc3c3c4c(c5c6ccccc6n2c5c31)C(=O)NC4,5.96
CO[C@H]1[C@@H](N(C)C(=O)c2ccccc2Cl)C[C@@H]2O[C@@]1(C)n1c3ccccc3c3c4c(c5c6ccccc6n2c5c31)C(=O)NC4,5.33
CS(=O)(=O)CCNc1nc(-c2ccc3ncnc(Nc4ccc(OCc5ccccc5)c(Cl)c4)c3c2)cs1,8.1
COC(=O)CN(C)[C@H]1C[C@@H]2O[C@](C)([C@H]1OC)n1c3ccccc3c3c4c(c5c6ccccc6n2c5c31)C(=O)NC4,5.89
CS(=O)(=O)CCNc1nc(-c2ccc3ncnc(Nc4ccc(OCc5ccccc5)cc4)c3c2)cs1,7.09
CO[C@H]1[C@@H](N(C)CCC#N)C[C@@H]2O[C@@]1(C)n1c3ccccc3c3c4c(c5c6ccccc6n2c5c31)C(=O)NC4,5.96
CS(=O)(=O)CCNc1nc(-c2ccc3ncnc(Nc4ccc5c(cnn5Cc5ccccc5)c4)c3c2)cs1,7.15
CO[C@H]1[C@@H](N(C)C(=O)CN)C[C@@H]2O[C@@]1(C)n1c3ccccc3c3c4c(c5c6ccccc6n2c5c31)C(=O)NC4,6.66
CS(=O)(=O)CCNc1nc(-c2ccc3ncnc(Nc4ccc(OCc5cccc(C(F)(F)F)c5)cc4)c3c2)cs1,6.27
CO[C@H]1[C@@H](N(C)C(=O)c2cccnc2)C[C@@H]2O[C@@]1(C)n1c3ccccc3c3c4c(c5c6ccccc6n2c5c31)C(=O)NC4,5.09
CC(C)(C)NC(=O)Nc1nc2nc(N)ncc2cc1-c1ccccc1,5.26
CCN(CC)CCCNc1ncc2cc(-c3c(Cl)cccc3Cl)c(NC(=O)NC(C)(C)C)nc2n1,5.21
CO[C@H]1[C@@H](N(C)CC(=O)O)C[C@@H]2O[C@@]1(C)n1c3ccccc3c3c4c(c5c6ccccc6n2c5c31)C(=O)NC4,7.51
COc1ccc(C(=O)N(C)[C@H]2C[C@@H]3O[C@](C)([C@H]2OC)n2c4ccccc4c4c5c(c6c7ccccc7n3c6c42)C(=O)NC5)cc1,5.44
CO[C@H]1[C@@H]([N+](C)(C)C)C[C@@H]2O[C@@]1(C)n1c3ccccc3c3c4c(c5c6ccccc6n2c5c31)C(=O)NC4,7.72
CS(=O)(=O)CCNc1nc(-c2ccc3ncnc(Nc4ccc(OCc5cccc(F)c5)c(Cl)c4)c3c2)cs1,8.0
CCN(CC)CCCCNc1ncc2cc(-c3c(Cl)cccc3Cl)c(NC(=O)NC(C)(C)C)nc2n1,6.62
CCCCC(O)CN(C)[C@H]1C[C@@H]2O[C@](C)([C@H]1OC)n1c3ccccc3c3c4c(c5c6ccccc6n2c5c31)C(=O)NC4,5.89
CO[C@H]1[C@@H](N(C)C(C)=O)C[C@@H]2O[C@@]1(C)n1c3ccccc3c3c4c(c5c6ccccc6n2c5c31)C(=O)NC4,5.58
CO[C@H]1[C@@H](N(C)C(=O)C(F)(F)F)C[C@@H]2O[C@@]1(C)n1c3ccccc3c3c4c(c5c6ccccc6n2c5c31)C(=O)NC4,5.19
COC(=O)c1ccc(C(=O)N(C)[C@H]2C[C@@H]3O[C@](C)([C@H]2OC)n2c4ccccc4c4c5c(c6c7ccccc7n3c6c42)C(=O)NC5)cc1,5.13
CS(=O)(=O)CCNc1nc(-c2ccc3ncnc(Nc4ccc(F)c(Cl)c4)c3c2)cs1,7.46
CN[C@@H]1C[C@H]2O[C@@](C)([C@@H]1OC)n1c3ccccc3c3c4c(c5c6ccccc6n2c5c31)C(=O)NC4,7.0
CCN(C)[C@H]1C[C@@H]2O[C@](C)([C@H]1OC)n1c3ccccc3c3c4c(c5c6ccccc6n2c5c31)C(=O)NC4,6.48
CO[C@H]1[C@@H](N(C)C(=O)CCC(=O)O)C[C@@H]2O[C@@]1(C)n1c3ccccc3c3c4c(c5c6ccccc6n2c5c31)C(=O)NC4,6.8
CO[C@H]1[C@@H](N(C)C(=O)OC(C)(C)C)C[C@@H]2O[C@@]1(C)n1c3ccccc3c3c4c(c5c6ccccc6n2c5c31)C(=O)NC4,4.87
COC(=O)N(C)[C@H]1C[C@@H]2O[C@](C)([C@H]1OC)n1c3ccccc3c3c4c(c5c6ccccc6n2c5c31)C(=O)NC4,5.62
Cc1cc(C)c(C)c(-c2cc3cnc(N)nc3nc2NC(=O)NC(C)(C)C)c1C,5.17
CO[C@H]1[C@@H](N(C)C(=O)CNC(=O)OC(C)(C)C)C[C@@H]2O[C@@]1(C)n1c3ccccc3c3c4c(c5c6ccccc6n2c5c31)C(=O)NC4,5.46
CN[C@H]1C[C@@H]2O[C@](C)([C@H]1OC)n1c3ccccc3c3c4c(c5c6ccccc6n2c5c31)C(=O)NC4=O,6.7
CC[N+](C)(C)[C@H]1C[C@@H]2O[C@](C)([C@H]1OC)n1c3ccccc3c3c4c(c5c6ccccc6n2c5c31)C(=O)NC4,7.37
N#C/C(=C\c1ccc(O)c(O)c1)C(=O)NCc1ccccc1,5.16
CO[C@H]1[C@@H](N(C)C(=O)c2cccc(Cl)c2)C[C@@H]2O[C@@]1(C)n1c3ccccc3c3c4c(c5c6ccccc6n2c5c31)C(=O)NC4,5.34
CC(C)(C)NC(=O)Nc1nc2nc(N)ncc2cc1-c1c(Cl)cccc1Cl,6.35
CO[C@H]1[C@@H](N(C)C(=O)c2cnccn2)C[C@@H]2O[C@@]1(C)n1c3ccccc3c3c4c(c5c6ccccc6n2c5c31)C(=O)NC4,5.09
CN[C@H]1C[C@@H]2O[C@](C)([C@H]1OC)n1c3ccccc3c3c4c(c5c6ccccc6n2c5c31)C(=O)N[C@@H]4O,7.77
CCNC(=O)Nc1nc2nc(N)ncc2cc1-c1c(Cl)cccc1Cl,5.87
CO[C@H]1[C@@H](N(C)Cc2ccccc2)C[C@@H]2O[C@@]1(C)n1c3ccccc3c3c4c(c5c6ccccc6n2c5c31)C(=O)NC4,6.04
CNC(=S)N(C)[C@H]1C[C@@H]2O[C@](C)([C@H]1OC)n1c3ccccc3c3c4c(c5c6ccccc6n2c5c31)C(=O)NC4,4.9
CN[C@H]1C[C@@H]2O[C@](C)([C@H]1OC)n1c3ccccc3c3c4c(c5c6ccccc6n2c5c31)[C@H](O)NC4=O,6.58
CCNC(=O)Nc1nc2nc(NCCCCN(CC)CC)ncc2cc1-c1c(Cl)cccc1Cl,5.9
CO[C@H]1[C@@H](N(C)C(=O)c2cccc([N+](=O)[O-])c2)C[C@@H]2O[C@@]1(C)n1c3ccccc3c3c4c(c5c6ccccc6n2c5c31)C(=O)NC4,5.32
Cc1cc(C)c(C(=O)/C(C#N)=C/c2ccc(O)c(O)c2)c(C)c1,4.72
Cc1cccc(C)c1NC(=O)/C(C#N)=C/c1ccc(O)c(O)c1,4.99
N#C/C(=C\c1ccc(O)c(O)c1)C(=O)Nc1ccccc1,5.9
COc1cc(/C=C(\C#N)C(N)=O)cc(CSc2ccc(C)cc2)c1O,5.76
COc1cc(C=C(C#N)C#N)cc(CSc2ccccc2)c1O,5.17
N#C/C(=C\c1ccc(O)c(O)c1)C(=O)Nc1ccccc1Cl,5.68
COc1cc(/C=C(\C#N)C(N)=O)cc(CSc2nc3ccccc3o2)c1O,5.28
COc1cc2c(Nc3ccc(Cl)cc3F)ncnc2cc1OCC1CCNCC1.Cl,6.52
COc1cc2c(Nc3ccc(Cl)cc3F)ncnc2cc1OCCN(C)c1ccncc1,6.52
COc1cc2c(Nc3ccc(C#N)cc3F)ncnc2cc1OC/C=C/CN1CCCC1,6.1
COc1cc(/C=C(\C#N)C(N)=O)cc(CSc2ccccc2)c1O,6.4
COc1cc(/C=C(\C#N)C(N)=O)cc(CSC2=NCCS2)c1O,5.06
N#C/C(=C\c1ccc(O)c(O)c1)C(=O)NC1CCCCC1,5.23
COc1cc(/C=C(\C#N)C(N)=O)cc(CSCc2ccccc2Cl)c1O,6.0
N#C/C(=C\c1ccc(O)c(O)c1)C(=O)N1CCc2ccccc21,4.92
N#C/C(=C\c1ccc(O)c(O)c1)C(=O)NCCc1ccccc1,6.21
COc1cc(/C=C(\C#N)C(N)=O)cc(CSc2cccc3ccccc23)c1O,5.77
CNC(=O)c1c([Se][Se]c2[nH]c3ccccc3c2C(=O)NC)[nH]c2ccccc12,4.89
N#C/C(=C\c1ccc(O)c(O)c1)C(=O)NCCCCc1ccccc1,5.3
COc1cc2c(Nc3ccc(C)cc3F)ncnc2cc1OCC1CCNCC1,6.3
COc1cc(/C=C(\C#N)C(N)=O)cc(CSCc2ccccc2)c1O,6.05
COc1cc(/C=C(\C#N)C(N)=O)cc(SCCCC(=O)O)c1O,4.32
COc1cc2c(Nc3ccc(Br)cc3F)ncnc2cc1OCCn1ccnn1,6.4
COc1cc2c(Nc3ccc(C)cc3F)ncnc2cc1OCC1CCN(C)CC1,6.0
COc1cc2c(Nc3c(F)cc(Cl)cc3F)ncnc2cc1OCC1CCN(C)CC1,6.35
COc1cc2c(Nc3c(F)cc(Cl)cc3F)ncnc2cc1OCC1CCNCC1,6.3
COc1cc2c(Nc3ccc(Cl)cc3F)ncnc2cc1OC[C@@H]1CCCN(C)C1,7.0
COc1cc2c(Nc3ccc(Cl)cc3F)ncnc2cc1OCCCN1CCOCC1,7.0
CCN(CC)CCNC(=O)c1c([Se][Se]c2c(C(=O)NCCN(CC)CC)c3ccccc3n2C)n(C)c2ccccc12,5.33
Cc1cc(C=C(C#N)C#N)cc(O)c1O,4.21
COc1cc2/c(=N/c3ccc(Br)cc3F)nc[nH]c2cc1OCC1CCN(C)CC1,6.7
CCOC(=O)C(Cc1ccccc1)NC(=O)/C(C#N)=C/c1ccc(O)c(O)c1,4.31
N#C/C(=C\c1ccc(O)c(O)c1)C(=O)NCCCc1ccccc1,6.15
N#C/C(=C\c1ccc(O)c(O)c1)C(=O)c1ccc(O)c(O)c1,5.3
COc1cc(C=C(C#N)C#N)cc(SCC(=O)O)c1O,4.27
N#C/C(=C\c1ccc(O)c(O)c1)C(=O)NCc1ccc(O)cc1,5.52
COc1cc2c(Nc3ccc(Cl)cc3F)ncnc2cc1OC/C=C/CN1CCCC1.Cl,7.05
COc1cc2c(Nc3ccc(Br)cc3F)ncnc2cc1OCCC1CCN(C)CC1,6.7
COc1cc2c(Nc3ccc(Cl)cc3F)ncnc2cc1OCC1CCN(C)CC1.Cl,6.52
Oc1cc2cc(-c3cccnc3)cnc2cc1O,6.3
COc1cc2c(Nc3ccc(Br)cc3F)ncnc2cc1OC[C@@H]1CCCN(C)C1,6.7
COc1cc(C=C(C#N)C#N)cc(CSc2ccccc2C(=O)O)c1O,5.1
COc1cc(/C=C(\C#N)C(N)=O)cc(CSc2ccccc2NC(C)=O)c1O,4.66
COc1cc2c(Nc3ccc(Cl)cc3F)ncnc2cc1OCCN1CCN(C)CC1,6.7
COc1cc2c(Nc3ccc(Cl)cc3F)ncnc2cc1OCCCN1CCCC1.Cl,7.0
N#C/C(=C\c1ccc(O)c(O)c1)C(=O)c1ccc([N+](=O)[O-])cc1,4.96
COc1cc(/C=C(\C#N)C(N)=O)cc(CSc2nc3ccccc3[nH]2)c1O,4.84
COc1cc2c(Nc3ccc(Br)cc3F)ncnc2cc1OCCCN1CCN(C)CC1.Cl,7.0
COc1cc2c(Nc3c(F)cc(Br)cc3F)ncnc2cc1OCC1CCN(C)CC1,6.52
COc1ccc(/C=C(\C#N)c2cccnc2)cc1OC,6.16
COc1cc2c(Nc3ccc(Br)cc3F)ncnc2cc1OCC1CCN(C)CC1.Cl,6.3
COc1cc2c(Nc3ccc(Br)cc3F)ncnc2cc1OC[C@H]1CCCN(C)C1,7.0
N[C@H](Cc1c([Se][Se]c2[nH]c3ccccc3c2C[C@H](N)C(=O)NCc2ccccc2)[nH]c2ccccc12)C(=O)NCc1ccccc1,6.05
CNC(=O)c1c(SSc2c(C(=O)NC)c3ccccc3n2C)n(C)c2ccccc12,5.16
CCN(CC)CCNC(=O)c1c([Se][Se]c2[nH]c3ccccc3c2C(=O)NCCN(CC)CC)[nH]c2ccccc12,5.34
COc1cc(/C=C(\C#N)C(N)=O)cc(CSc2nc3cc(Cl)ccc3s2)c1O,4.08
COc1cc(/C=C(\C#N)C(N)=O)cc(CSc2ccccn2)c1O,5.47
COc1cc(/C=C(\C#N)C(N)=O)cc(CSc2ccccc2C(=O)O)c1O,6.15
Cc1ccc(C(=O)/C(C#N)=C/c2ccc(O)c(O)c2)cc1,4.82
COc1cc2c(Nc3ccc(Cl)cc3F)ncnc2cc1OCCCN1CCN(C)CC1.Cl,7.12
Cn1c([Se][Se]c2c(C(=O)O)c3ccccc3n2C)c(C(=O)O)c2ccccc21,5.46
CC(NC(=O)/C(C#N)=C/c1ccc(O)c(O)c1)c1ccccc1,5.6
COc1cc2c(Nc3ccc(Cl)cc3F)ncnc2cc1OCCN1CCOCC1,6.4
CNC(=O)c1c([Se][Se]c2c(C(=O)NC)c3ccccc3n2C)n(C)c2ccccc12,5.21
Cc1cc(C)c(NC(=O)/C(C#N)=C/c2ccc(O)c(O)c2)c(C)c1,4.72
NC(Cc1c(SSc2[nH]c3ccccc3c2CC(N)C(=O)NCc2ccccc2)[nH]c2ccccc12)C(=O)NCc1ccccc1,5.13
COc1cc2c(Nc3ccc(Br)cc3F)ncnc2cc1OCCC1CCNCC1,6.7
CCN(CC)CCn1c([Se][Se]c2c(C(=O)NC)c3ccccc3n2CCN(CC)CC)c(C(=O)NC)c2ccccc21,5.16
COc1ccc(/C=C/c2cnc3cc(OC)c(OC)cc3c2)cc1,4.7
N#C/C(=C\c1ccc(O)c(O)c1)C(=O)c1ccccc1Cl,5.18
COc1cc(/C=C(\C#N)C(N)=O)cc(CSc2nc3ccccc3s2)c1O,4.72
COc1cc2c(Nc3c(F)cc(Br)cc3F)ncnc2cc1OCC1CCNCC1,6.35
N#C/C(=C\c1ccc(O)c(O)c1)C(=O)c1cccs1,4.51
COc1cc(C=C(C#N)C#N)cc(CS(=O)(=O)c2ccc(C)cc2)c1O,4.64
COc1cc2c(Nc3cc(O)c(C)cc3F)ncnc2cc1OCC1CCN(C)CC1.Cl,6.52
COc1cc2c(Nc3ccc(Cl)cc3F)ncnc2cc1OCCC1CCN(C)CC1,6.52
N#C/C(=C\c1ccc(O)c(O)c1)C(=O)c1ccc(F)cc1,5.29
COCCOc1cc2ncnc(Nc3ccc(Cl)cc3F)c2cc1OC,7.0
COc1cc2c(Nc3cc(O)c(Cl)cc3F)ncnc2cc1OCC1CCN(C)CC1.Cl,7.0
COc1ccc(NC(=O)/C(C#N)=C/c2ccc(O)c(O)c2)c(OC)c1,4.6
N#C/C(=C\c1ccc(O)c(O)c1)C(=O)c1ccccc1,4.85
COc1cc(C=C(C#N)C#N)cc(C)c1O,4.06
COc1cc2c(Nc3ccc(Br)cc3F)ncnc2cc1OC/C=C/CN1CCCC1.Cl,7.0
N#C/C(=C\c1cc(O)c(O)c(CSCc2ccccc2)c1)C(N)=O,6.19
COc1cc(/C=C(/C#N)C(N)=O)cc(CSCc2ccc(Cl)cc2)c1O,4.8
O=C(NCc1ccccc1)[C@H](Cc1c([Se][Se]c2[nH]c3ccccc3c2C[C@@H](NC(=O)C(F)(F)F)C(=O)NCc2ccccc2)[nH]c2ccccc12)NC(=O)C(F)(F)F,5.16
COc1cc2ncc(C#N)c(Nc3ccc(F)c(Cl)c3)c2cc1NC(=O)/C=C/CN1CCOCC1,4.87
CCN(CC)C(C)/C=C/C(=O)Nc1cc2c(Nc3ccc(F)c(Cl)c3)c(C#N)cnc2cc1OC,5.32
Brc1cccc(Nc2ncnc3cc(NCCCCN4CCOCC4)ncc23)c1,8.27
Cc1cccc(Nc2ncnc3cc(NCCCN4CCOCC4)ncc23)c1,8.03
COCC#CC(=O)Nc1ccc2ncc(C#N)c(Nc3cccc(Br)c3)c2c1,6.02
CN(C)CCN(C)c1cc2ncnc(Nc3cccc(Br)c3)c2cn1,7.4
Brc1cccc(Nc2ncnc3cc(NCCN4CCOCC4)ncc23)c1,8.49
OCCN(CCO)CCNc1cc2ncnc(Nc3cccc(Br)c3)c2cn1,8.04
Cc1cccc(Nc2ncnc3cc(NCCCn4ccnc4)ncc23)c1,8.46
Cc1cccc(Nc2ncnc3cc(NCCCCN(C)C)ncc23)c1,8.27
CN1C(=S)C(CCC(=O)O)c2ccccc21,5.17
COc1cc(NC(=O)/C=C/CN(C)C)cc2c(Nc3cccc(Br)c3)c(C#N)cnc12,5.54
CN1CCN(CCCNc2cc3ncnc(Nc4cccc(Br)c4)c3cn2)CC1,8.31
OCCN(CCO)CCCNc1cc2ncnc(Nc3cccc(Br)c3)c2cn1,8.92
O=S(=O)(O)CCNc1cc2ncnc(Nc3cccc(Br)c3)c2cn1,8.85
COCC#CC(=O)Nc1cc2c(Nc3cccc(Br)c3)c(C#N)cnc2cc1OC,6.1
C=C(CN(C)C)C(=O)Nc1cc2c(Nc3ccc(F)c(Cl)c3)c(C#N)cnc2cc1OCC,6.25
CN(CC(O)CO)c1cc2ncnc(Nc3cccc(Br)c3)c2cn1,8.49
Brc1cccc(Nc2ncnc3cc(NCCc4c[nH]cn4)ncc23)c1,9.04
CN(CCO)c1cc2ncnc(Nc3cccc(Br)c3)c2cn1,8.59
NNc1cc2ncnc(Nc3cccc(Br)c3)c2cn1,8.15
COCCOCC#CC(=O)Nc1ccc2ncc(C#N)c(Nc3cccc(Br)c3)c2c1,6.03
O=C(O)CCCC1C(S)=Nc2ccccc21,5.17
Cc1ccc2[nH]c(SSc3[nH]c4ccc(C)cc4c3CCC(=O)O)c(CCC(=O)O)c2c1,5.08
O=C(O)CCCc1c(SSc2[nH]c3ccccc3c2CCCC(=O)O)[nH]c2ccccc12,4.75
OCCNc1cc2ncnc(Nc3cccc(Br)c3)c2cn1,9.62
COC(=O)CCc1c(SSc2[nH]c3ccccc3c2CCC(=O)OC)[nH]c2ccccc12,4.68
CCOc1cc2ncc(C#N)c(Nc3cccc(Br)c3)c2cc1NC(=O)/C=C/CN1CCOCC1,4.99
Brc1cccc(Nc2ncnc3cc(NCCCn4ccnc4)ncc23)c1,9.29
CNc1cc2ncnc(Nc3cccc(Br)c3)c2cn1,9.89
O=C(O)CCCNc1cc2ncnc(Nc3cccc(Br)c3)c2cn1,9.55
Cc1cccc(Nc2ncnc3cc(NCCCN4CCN(C)CC4)ncc23)c1,8.25
COC(=O)Cc1c(SSc2c(CC(=O)OC)c3ccccc3n2C)n(C)c2ccccc12,4.48
COc1cc2ncc(C#N)c(Nc3cccc(Br)c3)c2cc1OC,6.72
[O-][N+]1(CCCNc2cc3ncnc(Nc4cccc(Br)c4)c3cn2)CCOCC1,9.13
CN(C)C/C=C/C(=O)Nc1ccc2ncc(C#N)c(Nc3cccc(Br)c3)c2c1,6.51
COc1cc(NC(=O)/C=C/CN2CCOCC2)cc2c(Nc3cccc(Br)c3)c(C#N)cnc12,5.27
O=C(O)Cc1c(SSc2[nH]c3ccccc3c2CC(=O)O)[nH]c2ccccc12,4.99
N#Cc1cnc2ccc(NC(=O)C#CCN3CCSCC3)cc2c1Nc1cccc(Br)c1,6.26
CCCN(CC#CC(=O)Nc1ccc2ncc(C#N)c(Nc3cccc(Br)c3)c2c1)CCC,6.89
CNc1ccc2c(Nc3cccc(Br)c3)ncnc2c1,8.4
O=C(O)CCC1C(S)=Nc2ccccc21,5.79
CC#CC(=O)Nc1ccc2ncc(C#N)c(Nc3cccc(Br)c3)c2c1,6.03
CN(C)CCCCNc1cc2ncnc(Nc3cccc(Br)c3)c2cn1,8.13
Nc1ccc2c(Nc3cccc(Br)c3)ncnc2c1,10.0
COc1cc2ncc(C#N)c(Nc3cccc(Br)c3)c2cc1NC(=O)/C=C/CN1CCOCC1,5.42
CN(C)C/C=C/C(=O)Nc1cc2c(Nc3ccc(F)c(Cl)c3)c(C#N)cnc2cc1OC(F)(F)F,5.58
COc1cc2ncc(C#N)c(Nc3ccc(F)c(Cl)c3)c2cc1NC(=O)/C=C/C(C)N(C)C,5.28
C=CC(=O)Nc1ccc2ncc(C#N)c(Nc3cccc(Br)c3)c2c1,6.23
OCC(O)C(O)C(O)C(O)CNc1cc2ncnc(Nc3cccc(Br)c3)c2cn1,8.32
CN(C)CCCNc1cc2ncnc(Nc3cccc(Br)c3)c2cn1,8.06
CNc1cc2ncnc(Nc3cccc(C)c3)c2cn1,8.85
O=C(O)Cc1c(SSSc2[nH]c3ccccc3c2CC(=O)O)[nH]c2ccccc12,5.03
Cc1ccc2c(CCC(=O)O)c(SSc3[nH]c4cc(C)ccc4c3CCC(=O)O)[nH]c2c1,5.54
Cn1c(SSc2c(CCCC(=O)O)c3ccccc3n2C)c(CCCC(=O)O)c2ccccc21,5.08
OCCN(CCO)c1cc2ncnc(Nc3cccc(Br)c3)c2cn1,7.92
COC(=O)Cc1c(SSSc2[nH]c3ccccc3c2CC(=O)OC)[nH]c2ccccc12,4.46
Cn1c(SSc2c(CC(=O)O)c3ccccc3n2C)c(CC(=O)O)c2ccccc21,4.28
OCC(O)CNc1cc2ncnc(Nc3cccc(Br)c3)c2cn1,9.04
COCC1CCCN1CC#CC(=O)Nc1ccc2ncc(C#N)c(Nc3cccc(Br)c3)c2c1,6.82
COc1cc2ncc(C#N)c(Nc3cccc(Br)c3)c2cc1NC(=O)C#CCN(C)C,7.05
CCOc1cc2ncc(C#N)c(Nc3cccc(Br)c3)c2cc1NC(=O)/C=C/CN(C)C,5.8
C/C=C/C(=O)Nc1ccc2ncc(C#N)c(Nc3cccc(Br)c3)c2c1,5.79
CN(C)c1cc2ncnc(Nc3cccc(Br)c3)c2cn1,10.05
OCC(CO)Nc1cc2ncnc(Nc3cccc(Br)c3)c2cn1,7.85
CN(C)CCCCCNc1cc2ncnc(Nc3cccc(Br)c3)c2cn1,8.08
COc1cc2ncc(C#N)c(Nc3ccc(F)c(Cl)c3)c2cc1NC(=O)/C=C/C(C)N1CCOCC1,4.97
CN(C)CCNc1cc2ncnc(Nc3cccc(Br)c3)c2cn1,7.35
O=C(O)CCc1c(SSc2[nH]c3ccccc3c2CCC(=O)O)[nH]c2ccccc12,5.38
CC#CC(=O)Nc1cc2c(Nc3cccc(Br)c3)c(C#N)cnc2cc1OC,6.04
CN(C)C/C=C/C(=O)Nc1ccc2ncc(C#N)c(Nc3ccc(F)c(Cl)c3)c2c1,6.19
CCN(CC)C/C=C/C(=O)Nc1cc2c(Nc3ccc(F)c(Cl)c3)c(C#N)cnc2cc1OC,5.72
C=CC(=O)Nc1cc2c(Nc3cccc(Br)c3)c(C#N)cnc2cc1OC,6.09
COc1cc2ncc(C#N)c(Nc3ccc(F)c(Cl)c3)c2cc1NC(=O)/C=C/CN(C)C,5.63
C/C=C/C(=O)Nc1cc2c(Nc3ccc(F)c(Cl)c3)c(C#N)cnc2cc1OCC,5.12
C=C(CN1CCOCC1)C(=O)Nc1ccc2ncc(C#N)c(Nc3ccc(F)c(Cl)c3)c2c1,5.57
CN(C)C/C=C/C(=O)Nc1ccc2ncnc(Nc3cccc(Br)c3)c2c1,7.96
Cc1cccc(Nc2ncnc3cc(NCCc4c[nH]cn4)ncc23)c1,8.14
Nc1cc2ncnc(Nc3cccc(Br)c3)c2cn1,8.0
CN(CC(O)C(O)C(O)C(O)CO)c1cc2ncnc(Nc3cccc(Br)c3)c2cn1,8.49
Cc1cccc2c(CCC(=O)O)c(SSc3[nH]c4c(C)cccc4c3CCC(=O)O)[nH]c12,5.82
CC(C)N(CC#CC(=O)Nc1ccc2ncc(C#N)c(Nc3cccc(Br)c3)c2c1)C(C)C,6.6
N#Cc1cnc2ccc(NC(=O)/C=C/CN3CCOCC3)cc2c1Nc1ccc(F)c(Cl)c1,5.64
Brc1cccc(Nc2ncnc3cc(NCCCN4CCOCC4)ncc23)c1,8.72
CN(CC(=O)O)c1cc2ncnc(Nc3cccc(Br)c3)c2cn1,7.8
Cn1c(SSc2c(CCC(=O)O)c3ccccc3n2C)c(CCC(=O)O)c2ccccc21,5.51
O=C(O)CCNc1cc2ncnc(Nc3cccc(Br)c3)c2cn1,9.21
O=C(O)CC1C(S)=Nc2ccccc21,4.83
COC(=O)CC1C(S)=Nc2ccccc21,4.0
COc1cc2ncc(C#N)c(Nc3cccc(Br)c3)c2cc1NC(=O)/C=C/CN(C)C,6.1
O=C(O)CNc1cc2ncnc(Nc3cccc(Br)c3)c2cn1,8.82
COC(=O)Cc1c(SSc2[nH]c3ccccc3c2CC(=O)OC)[nH]c2ccccc12,4.75
COCOC#CC(=O)Nc1ccc2ncc(C#N)c(Nc3cccc(Br)c3)c2c1,6.48
Nc1ncnc2c1c(-c1cccc(O)c1)cn2C1CCC1,6.52
COc1ccc(-c2cn(C3CCCC3)c3ncnc(N)c23)cc1,6.24
COc1cccc(-c2cn(C3CC(CNCCO)C3)c3ncnc(N)c23)c1,6.31
Brc1cccc(Nc2ncnc3ccc4cc[nH]c4c23)c1,8.91
C[C@H](Nc1ncnc2c1sc1ccccc12)c1ccccc1,6.27
Nc1ccc2sc3c(Nc4cccc(Br)c4)ncnc3c2c1,9.57
COc1ccc(Nc2ncnc3cc(OC)c(OC)cc23)cc1OC,5.55
COc1ccc(CC(CO)n2cc(-c3cccc(OC)c3)c3c(N)ncnc32)cc1,5.01
COc1cccc(-c2cn(C3CCCC3)c3ncnc(N)c23)c1,6.34
Nc1ncnc2c1c(-c1ccccc1)cn2C1CCC(O)C1,6.1
COc1cccc(-c2cn(C3CC(CO)C3)c3ncnc(N)c23)c1,6.38
CCN(CC)CCn1c2ccccc2c2c(Nc3cccc(Br)c3)ncnc21,5.39
Cc1cccc(Nc2ncnc3c2sc2ccc([N+](=O)[O-])cc23)c1.Cl,7.96
Cl.O=[N+]([O-])c1ccc2sc3c(Nc4cccc(C(F)(F)F)c4)ncnc3c2c1,6.34
COc1cccc2sc3c(Nc4cccc(Br)c4)ncnc3c12.Cl,7.7
COc1ccc2[nH]c3ncnc(Nc4cccc(Br)c4)c3c2c1,8.92
COc1ccc2c(c1)sc1c(Nc3cccc(Br)c3)ncnc12,7.1
COc1ccc(CC(CO)n2cc(-c3cccc(O)c3)c3c(N)ncnc32)cc1,5.47
Nc1ncnc2c1c(-c1ccccc1)cn2C1CC(O)C1,5.55
CN(C)c1ccc2sc3c(Nc4cccc(Br)c4)ncnc3c2c1,7.7
COc1cccc(-c2cn(C3CC(C(=O)NCCO)C3)c3ncnc(N)c23)c1,6.48
Cn1c2ccccc2c2c(Nc3cccc(Br)c3)ncnc21,6.13
Cl.c1ccc(Nc2[nH]cnc3c4ccccc4nc2-3)cc1,5.68
c1ccc(Nc2[nH]cnc3nc4ccccc4c2-3)cc1,6.58
Cl.O=[N+]([O-])c1ccc2sc3c(Nc4cccc(Br)c4)ncnc3c2c1,7.91
COc1cc2nccc(Nc3cccc(Br)c3)c2cc1OC,6.43
COc1cc2ncnc(Oc3cccc(Br)c3)c2cc1OC,7.16
Brc1cccc(Nc2[nH]cnc3nc4ccccc4c2-3)c1,7.51
Nc1ccc2sc3c(Nc4cccc(C(F)(F)F)c4)ncnc3c2c1,7.33
c1ccc(CNc2[nH]cnc3c4ccccc4nc2-3)cc1,6.34
Brc1cccc(Nc2ncnc3c2sc2ncsc23)c1.CO,7.4
COc1cc2nccc(Oc3cccc(Br)c3)c2cc1OC,5.6
Nc1ncnc2c1c(-c1ccc(O)cc1)cn2C1CCCC1,6.6
Cc1cccc(Nc2cc(NCCO)ncn2)c1,9.0
Brc1cccc(Nc2ncnc3c2sc2ncccc23)c1,6.13
COc1ccc(CC(CO)n2cc(-c3ccccc3)c3c(N)ncnc32)cc1,4.84
Clc1cccc(Nc2ncnc3ccccc23)c1,7.64
Nc1ncnc2c1c(-c1ccc(O)cc1)cn2C1CCC1,6.22
Cl.Cn1c2ccccc2c2ncnc(Nc3cccc(Br)c3)c21,6.88
Nc1ncnc2c1c(-c1cccc(O)c1)cn2C1CCCC1,7.1
Brc1cccc(Nc2ncnc3ccc4[nH]cnc4c23)c1,7.54
Brc1cccc(Nc2ncnc3sccc23)c1,7.46
Nc1nc(Nc2cccc(Br)c2)c2c(n1)[nH]c1ccccc12,6.83
CCN(CC)CCn1c2ccc(OC)cc2c2c(Nc3cccc(Br)c3)ncnc21,5.37
Cl.O=[N+]([O-])c1ccc2sc3c(Nc4ccccc4)ncnc3c2c1,7.24
COc1nccc(-c2c(-c3ccc(F)cc3)ncn2[C@H]2CC[C@H](O)CC2)n1,7.08
Brc1cccc(Nc2ncnc3ccsc23)c1,7.96
C[C@H](Nc1[nH]cnc2c3ccccc3nc1-2)c1ccccc1.Cl,6.38
Cc1cccc(Nc2ncnc3c2sc2ccc(N)cc23)c1,8.68
Brc1cccc(Nc2ncnc3c2oc2ccccc23)c1,6.13
COc1ccc(Nc2ccnc3cc(OC)c(OC)cc23)cc1OC,4.09
Nc1ncnc2c1c(-c1ccccc1)cn2C(CO)Cc1ccc(O)cc1,4.88
Cl.Nc1ccc2c(c1)sc1c(Nc3cccc(Br)c3)ncnc12,9.33
Cl.O=[N+]([O-])c1cccc2c1sc1c(Nc3cccc(Br)c3)ncnc12,6.8
Brc1cccc(Nc2ncnc3c2sc2ccccc23)c1,8.74
CCO.Nc1ccc2sc3c(Nc4ccccc4)ncnc3c2c1,8.03
CO.Nc1cccc2c1sc1c(Nc3cccc(Br)c3)ncnc12,8.57
c1ccc(CNc2ncnc3c2sc2ccccc23)cc1,6.72
Nc1cc2sc3c(Nc4cccc(Br)c4)ncnc3c2cc1F,9.0
CCNc1cc2sc3c(Nc4cccc(Br)c4)ncnc3c2cc1F.CCO,8.1
Nc1ncnc2c1c(-c1ccccc1)cn2C1CCCC1,6.3
Brc1cccc(Nc2[nH]cnc3c4ccccc4nc2-3)c1.Cl,7.14
CCO.CNc1ccc2sc3c(Nc4cccc(Br)c4)ncnc3c2c1,8.96
COc1cccc(-c2cn(C3CCC3)c3ncnc(N)c23)c1,6.35
Cl.O=[N+]([O-])c1ccc2c(c1)sc1c(Nc3cccc(Br)c3)ncnc12,7.32
COc1cc2sc3c(Nc4cccc(Br)c4)ncnc3c2cc1OC.Cl,6.35
COc1cccc2c1sc1c(Nc3cccc(Br)c3)ncnc12.Cl,7.9
Nc1ncnc2c1c(-c1ccccc1)cn2C(CO)Cc1ccccc1,6.36
Nc1ncnc2c1c(-c1ccccc1)cn2C1CCC1,6.14
Brc1cccc(Nc2ncnc3c2ccc2[nH]cnc23)c1,6.57
Nc1ncnc2c1c(-c1cccc(O)c1)cn2C1CCN(CCO)CC1,5.59
COc1cccc(-c2cn(C3CCN(CC(=O)N(C)C)CC3)c3ncnc(N)c23)c1,6.12
COc1cccc(-c2cn(C3CCN(CCO)CC3)c3ncnc(N)c23)c1,6.05
Nc1ncnc2c1c(-c1ccccc1)cn2C1CCNC1,4.87
COC(=O)CN1CCC(n2cc(-c3cccc(O)c3)c3c(N)ncnc32)CC1,6.1
CN(C)C(=O)CN1CCC(n2cc(-c3cccc(O)c3)c3c(N)ncnc32)CC1,6.3
NC(=O)CN1CCC(n2cc(-c3cccc(O)c3)c3c(N)ncnc32)C1,6.4
COC(=O)CN1CCC(n2cc(-c3cccc(OC)c3)c3c(N)ncnc32)C1,6.08
COc1cccc(-c2cn(C3CCN(CCN(C)CCO)CC3)c3ncnc(N)c23)c1,6.53
COC(=O)CN1CCC(n2cc(-c3cccc(O)c3)c3c(N)ncnc32)C1,6.13
COCCNCCN1CCC(n2cc(-c3cccc(OC)c3)c3c(N)ncnc32)CC1,6.51
Nc1ncnc2c1c(-c1ccc(O)cc1)cn2C1CCNC1,5.57
COc1cccc(-c2cn(C3CCN(CC(N)=O)C3)c3ncnc(N)c23)c1,6.36
COc1cccc(-c2cn(C3CCNC3)c3ncnc(N)c23)c1,5.95
NC(=O)CN1CCC(n2cc(-c3cccc(O)c3)c3c(N)ncnc32)CC1,6.77
COCCN(C)CCN1CCC(n2cc(-c3cccc(OC)c3)c3c(N)ncnc32)CC1,6.03
Nc1ncnc2c1c(-c1cccc(O)c1)cn2C1CCNC1,5.82
COc1cccc(-c2cn(C3CCN(CC(N)=O)CC3)c3ncnc(N)c23)c1,6.46
CC(C)(C)OC(=O)N1CCC(n2cc(-c3cccc(O)c3)c3c(N)ncnc32)C1,5.66
COC(=O)CN1CCC(n2cc(-c3cccc(OC)c3)c3c(N)ncnc32)CC1,5.83
C[S+]([O-])c1ccc(-c2nc(-c3ccc(F)cc3)c(-c3ccncc3)[nH]2)cc1,4.02
CC(C)(C)OC(=O)N1CCC(n2cc(-c3ccccc3)c3c(N)ncnc32)C1,5.08
COc1cc2ncnc(NCc3cccc(C)c3)c2cc1OC,6.77
COc1cc2ncnc(Nc3nnc4ccccc4n3)c2cc1OC,6.09
COc1cc2ncnc(Nc3nccc4ccccc34)c2cc1OC,6.7
COc1cc2ncnc(NNc3ccc(F)c(Cl)c3)c2cc1OC,6.37
C[C@@H](Nc1[nH]cnc2c3ccccc3nc1-2)c1ccccc1,6.38
COc1cc2ncnc(Nc3ccc(F)c(Cl)c3)c2cc1OC,8.05
O=C(NCc1ccccc1)c1cc2ccc(O)c(O)c2cn1,5.85
O=C(Nc1ccccc1)c1cc2cc(O)c(O)cc2cn1,5.25
COc1cc2ncnc(NC3CCc4ccccc43)c2cc1OC,6.04
COc1cc2ncnc(NC3CC3c3ccccc3)c2cc1O,6.41
O=C(NCc1ccccc1)c1cc2cc(O)c(O)cc2cn1,5.51
O=C(Nc1ccccc1)c1cc2ccc(O)c(O)c2cn1,5.11
C[C@@H](Nc1ncnc2c1sc1ccccc12)c1ccccc1,6.27
COc1cc2ncnc(Nc3cc4ccccc4cn3)c2cc1OC,6.18
COc1cc2ncnc(Nc3cnc4ccccc4n3)c2cc1OC,6.11
COc1cc2ncnc(/N=N/c3ccc(F)c(Cl)c3)c2cc1OC,6.14
COc1cc2ncnc(Nc3cncc4ccccc34)c2cc1OC,8.19
C[C@@H](Nc1[nH]cnc2nc(-c3ccccc3)cc1-2)c1ccccc1,8.0
COc1cc2ncnc(NC3CC3c3ccccc3)c2cc1OCCN1CCOCC1,6.52
CC(C)N(CCC(=O)c1ccc2ccccc2c1)Cc1ccccc1.Cl,5.6
COc1cc2ncnc(NC3CC3c3ccccc3)c2cc1OC,8.0
COc1cc2ncnc(NC3CC3c3ccccc3)c2cc1OCCCN(C)C,7.57
C=CC(=O)c1ccc2ccccc2c1,5.0
C[C@H](Nc1[nH]cnc2c3ccccc3nc1-2)c1ccccc1,7.3
COc1cc2ncnc(N3CCc4ccccc43)c2cc1OC,6.09
COc1cc2ncnc(NC3CC3c3ccccc3)c2cc1OC(C)=O,7.08
COc1cc2ncnc(Nc3ccc(Br)cc3)c2cc1OC,9.02
COc1cc2ncnc(Nc3cccc(C(F)(F)F)c3)c2cc1OC,9.62
O=[N+]([O-])c1ccc2c(Nc3cccc(F)c3)ncnc2c1,5.21
Oc1ccc2c(Nc3cccc(Br)c3)ncnc2c1,8.33
CCCOc1cc2ncnc(Nc3cccc(Br)c3)c2cc1OCCC,9.77
COc1ccc2ncnc(Nc3cccc(Br)c3)c2c1OC,5.86
O=[N+]([O-])c1ccc2c(Nc3cccc(Br)c3)ncnc2c1,6.0
Oc1cc2ncnc(Nc3cccc(Br)c3)c2cc1O,9.77
Nc1cc2ncnc(Nc3cccc(Br)c3)c2cc1N,9.92
COc1cc2ncnc(Nc3ccccc3)c2cc1OC,7.54
COc1ccc2ncnc(Nc3ccccc3)c2c1,7.26
CCCCOc1cc2ncnc(Nc3cccc(Br)c3)c2cc1OCCCC,6.98
COc1cc2ncnc(Nc3cccc(Br)c3)c2cc1N,8.42
CN(C)c1ccc2c(Nc3cccc(Br)c3)ncnc2c1,7.96
Nc1ccc2c(Nc3cccc(C(F)(F)F)c3)ncnc2c1,8.48
Nc1ccc2ncnc(Nc3cccc(C(F)(F)F)c3)c2c1,6.24
Nc1ccc2c(Nc3cccc(I)c3)ncnc2c1,9.46
Brc1cccc(Nc2ncnc3cc4c(cc23)OCO4)c1,7.82
Nc1ccc2c(Nc3cccc(F)c3)ncnc2c1,8.7
Nc1ccc2c(Nc3cccc(Cl)c3)ncnc2c1,9.6
O=[N+]([O-])c1ccc2c(Nc3cccc(I)c3)ncnc2c1,6.27
COc1cc2ncnc(Nc3ccccc3Br)c2cc1OC,6.89
CCn1cnc2c(Nc3cccc(Cl)c3)nc(N[C@@H]3CCCC[C@@H]3N)nc21,5.29
CCn1cnc2c(Nc3cccc(Cl)c3)nc(N[C@H]3CCC[C@@H](N)C3)nc21,5.28
CC(=O)Nc1ccc2c(Nc3cccc(Br)c3)ncnc2c1,7.4
CCNc1ccc2c(Nc3cccc(Br)c3)ncnc2c1,7.92
Nc1cc2c(Nc3cccc(Br)c3)ncnc2cc1Cl,8.19
Nc1ccc2ncnc(Nc3ccccc3)c2c1,6.11
COc1cc2ncnc(Nc3cccc(Cl)c3)c2cc1OC,9.51
CC(=O)Nc1cc2ncnc(Nc3cccc(Br)c3)c2cc1[N+](=O)[O-],7.55
Fc1cccc(Nc2ncnc3ccccc23)c1,7.25
Nc1ccc2c(Nc3ccccc3)ncnc2c1,7.0
O=[N+]([O-])c1cc2c(Nc3cccc(Br)c3)ncnc2cc1Cl,7.6
COc1cc2ncnc(N(C)c3cccc(Br)c3)c2cc1OC,6.82
COc1cc2ncnc(Nc3cccc(F)c3)c2cc1OC,8.42
O=[N+]([O-])c1ccc2ncnc(Nc3ccccc3)c2c1,5.3
CNc1cc2ncnc(Nc3cccc(Br)c3)c2cc1[N+](=O)[O-],7.17
O=[N+]([O-])c1ccc2ncnc(Nc3cccc(Br)c3)c2c1,6.05
CNc1cc2ncnc(Nc3cccc(Br)c3)c2cc1N,9.16
FC(F)(F)c1cccc(Nc2ncnc3ccccc23)c1,6.24
CN(C)c1cc2ncnc(Nc3cccc(Br)c3)c2cc1N,6.8
Nc1cc2ncnc(Nc3cccc(Br)c3)c2cc1[N+](=O)[O-],7.28
CN(C)c1cc2ncnc(Nc3cccc(Br)c3)c2cc1[N+](=O)[O-],5.7
COc1cc2nc(N)nc(Nc3cccc(Br)c3)c2cc1OC,6.33
COc1cc2ncnc(Nc3cccc(I)c3)c2cc1OC,9.05
COC(=O)Nc1ccc2ncnc(Nc3cccc(Br)c3)c2c1,7.92
COc1cc2ncnc(Nc3cc(Br)cc(Br)c3)c2cc1OC,6.95
COc1cc2ncnc(Nc3cccc(Br)c3)c2cc1[N+](=O)[O-],7.82
COc1cc2ncnc(Nc3cccc(Br)c3)c2c(OC)c1OC,9.17
COc1ccc2c(Nc3ccccc3)ncnc2c1,6.92
O=[N+]([O-])c1ccc2c(Nc3ccccc3)ncnc2c1,4.92
COc1cc2ncnc(Nc3ccc(Br)c(Br)c3)c2cc1OC,10.14
Ic1cccc(Nc2ncnc3ccccc23)c1,7.1
COc1ccc2c(Nc3cccc(Br)c3)ncnc2c1,8.0
O=[N+]([O-])c1ccc2c(Nc3cccc(Cl)c3)ncnc2c1,6.09
CN(C/C=C/C(=O)Nc1ccc2ncnc(Nc3cccc(Br)c3)c2c1)CCO,7.85
Brc1cccc(Nc2ncnc3cc4ncsc4cc23)c1,7.36
Cc1nc2cc3c(Nc4cccc(Br)c4)ncnc3cc2[nH]1,9.54
CN1CCC=C(C(=O)Nc2ccc3ncnc(Nc4cccc(Br)c4)c3c2)C1,6.94
COCCOCC#CC(=O)Nc1ccc2ncnc(Nc3cccc(Br)c3)c2c1,7.19
CCN(CC)CC#CC(=O)Nc1ccc2ncnc(Nc3cccc(Br)c3)c2c1,7.92
COC[C@@H]1CCCN1CC#CC(=O)Nc1ccc2ncc(C#N)c(Nc3cccc(Br)c3)c2c1,6.82
Brc1cccc(Nc2ncnc3cc4[nH]nnc4cc23)c1,8.39
C=C(CN1CCOCC1)C(=O)Nc1ccc2ncnc(Nc3cccc(Br)c3)c2c1,6.97
Brc1cccc(Nc2ncnc3cc4c[nH]nc4cc23)c1,9.47
C/C=C\C(=O)Nc1ccc2ncnc(Nc3cccc(Br)c3)c2c1,6.57
CCN1CCN(CC#CC(=O)Nc2ccc3ncnc(Nc4cccc(Br)c4)c3c2)CC1,7.19
O=C(C#CCO)Nc1ccc2ncnc(Nc3cccc(Br)c3)c2c1,8.7
Oc1ccc(NCc2cc(O)ccc2O)cc1,4.38
COCC1CCCN1CC#CC(=O)Nc1ccc2ncnc(Nc3cccc(Br)c3)c2c1,7.19
Cn1cnc2cc3ncnc(Nc4cccc(Br)c4)c3cc21,11.0
O=C(/C=C/CN1CCSCC1)Nc1ccc2ncnc(Nc3cccc(Br)c3)c2c1,6.69
O=S(=O)(O)c1cc(NCc2cc(O)ccc2O)ccc1O,4.99
O=C(/C=C/N1CCOCC1)Nc1ccc2ncnc(Nc3cccc(Br)c3)c2c1,6.67
COC/C=C/C(=O)Nc1ccc2ncnc(Nc3cccc(Br)c3)c2c1,5.95
O=C(C#CCN1CCOCC1)Nc1ccc2ncnc(Nc3cccc(Br)c3)c2c1,7.7
CNC(=O)c1cc(NCc2cc(O)ccc2O)ccc1O,5.01
CCCN(C/C=C/C(=O)Nc1ccc2ncnc(Nc3cccc(Br)c3)c2c1)CCC,7.05
COCOCC#CC(=O)Nc1ccc2ncnc(Nc3cccc(Br)c3)c2c1,7.23
CC(C)N(CC#CC(=O)Nc1ccc2ncnc(Nc3cccc(Br)c3)c2c1)C(C)C,7.01
CN(C)CCn1cnc2cc3c(Nc4cccc(Br)c4)ncnc3cc21,7.66
O=C(/C=C/Cn1cccn1)Nc1ccc2ncnc(Nc3cccc(Br)c3)c2c1,5.95
COCOCC#CC(=O)Nc1ccc2ncc(C#N)c(Nc3cccc(Br)c3)c2c1,6.48
O=[N+]([O-])c1cc(NCc2cc(O)ccc2O)ccc1O,5.27
CCCN(CC#CC(=O)Nc1ccc2ncnc(Nc3cccc(Br)c3)c2c1)CCC,7.21
CCN(CC)C/C=C/C(=O)Nc1ccc2ncnc(Nc3cccc(Br)c3)c2c1,7.14
O=C(/C=C/CN1CCOCC1)Nc1ccc2ncnc(Nc3cccc(Br)c3)c2c1,7.13
Cn1cnc2cc3c(Nc4cccc(Br)c4)ncnc3cc21,10.6
CN(C)/C=C/C(=O)Nc1ccc2ncnc(Nc3cccc(Br)c3)c2c1,6.6
COCC#CC(=O)Nc1ccc2ncnc(Nc3cccc(Br)c3)c2c1,8.05
Brc1cccc(Nc2ncnc3cc4nccnc4cc23)c1,8.77
COC[C@@H]1CCCN1C/C=C\C(=O)Nc1ccc2ncnc(Nc3cccc(Br)c3)c2c1,6.71
O=C(C#CCN1CCCCC1)Nc1ccc2ncnc(Nc3cccc(Br)c3)c2c1,7.24
COC[C@H]1CCCN1C/C=C/C(=O)Nc1ccc2ncnc(Nc3cccc(Br)c3)c2c1,7.07
CCCCCCNC(=O)c1cc(NCc2cc(O)ccc2O)ccc1O,6.05
CC(C)N(C)CC#CC(=O)Nc1ccc2ncnc(Nc3cccc(Br)c3)c2c1,7.07
O=C(C#CCN1CCSCC1)Nc1ccc2ncnc(Nc3cccc(Br)c3)c2c1,7.02
O=C(/C=C/CN1CCCCC1)Nc1ccc2ncnc(Nc3cccc(Br)c3)c2c1,6.97
CN(C)CCn1cnc2c(Cl)c3c(Nc4cccc(Br)c4)ncnc3cc21,6.69
CN(C)CC#CC(=O)Nc1ccc2ncnc(Nc3cccc(Br)c3)c2c1,8.22
COCCN(C)C/C=C/C(=O)Nc1ccc2ncnc(Nc3cccc(Br)c3)c2c1,7.21
O=C(/C=C/CN1CCC(N2CCCCC2)CC1)Nc1ccc2ncnc(Nc3cccc(Br)c3)c2c1,7.17
CC#CC(=O)Nc1ccc2ncnc(Nc3cccc(Br)c3)c2c1,8.1
COC[C@@H]1CCCN1C/C=C/C(=O)Nc1ccc2ncnc(Nc3cccc(Br)c3)c2c1,6.88
CCCCCCCCCCCCCCNC(=O)c1cc(NCc2cc(O)ccc2O)ccc1O,4.57
CN(C)CCn1cnc2cc3ncnc(Nc4cccc(Br)c4)c3cc21,8.88
C=CCN(C)CC#CC(=O)Nc1ccc2ncnc(Nc3cccc(Br)c3)c2c1,7.15
O=C(Oc1ccccc1)c1cc(NCc2cc(O)ccc2O)ccc1O,7.16
COc1cc2ncnc(Nc3cc(OC)c(OC)c(OC)c3)c2cc1OC.Cl,6.3
COc1cc2ncnc(N(C)c3cccc(Cl)c3)c2cc1OC.Cl,7.0
Cc1cccc(N(C)c2ncnc3cc(C)c(C)cc23)c1.Cl,5.19
O=C(Nc1ccc(Cl)cc1)c1ccccc1NCc1ccncc1,5.14
O=C(NOCc1ccccc1)c1cc(NCc2cc(O)ccc2O)ccc1O,7.3
c1ccc2ncncc2c1,7.57
COc1cc2ncnc(Nc3cccc(Br)c3)c2cn1,7.41
O=C(O)Cc1cc(/N=C/c2cc(O)ccc2O)ccc1O,4.46
COc1ccc2ncncc2c1,7.52
COC(=O)Cc1cc(/N=C/c2cc(O)ccc2O)ccc1O,4.0
Cc1cc(C)cc(COC(=O)c2cc(NCc3cc(O)ccc3O)ccc2O)c1,5.52
COc1cc2ncnc(N(C)c3ccc(C)cc3)c2cc1OC.Cl,5.4
COc1ccc2c(Nc3cccc(Br)c3)ncnc2n1,6.58
CCOC(=O)c1cc(/N=C/c2cc(O)ccc2O)ccc1O,4.3
CCOC(=O)Cc1cc(NCc2cc(O)ccc2O)ccc1O,5.16
CC(COC(=O)c1cc(NCc2cc(O)ccc2O)ccc1O)Cc1ccccc1,6.44
CC(CCOC(=O)c1cc(NCc2cc(O)ccc2O)ccc1O)CC(C)(C)C,6.1
O=C(OCc1ccccc1)c1cc(NCc2cc(O)ccc2O)ccc1O,7.1
COc1ccc(CNc2cc3c(Nc4cccc(Br)c4)ncnc3cn2)cc1,8.64
CONC(=O)c1cc(/N=C/c2cc(O)ccc2O)ccc1O,4.57
CNc1cc2c(Nc3ccccc3)ncnc2cn1,8.05
CNc1ccc2c(Nc3cccc(Br)c3)ncnc2n1,7.28
COc1cc2c(Nc3cccc(Br)c3)ncnc2cn1,8.59
Brc1cccc(Nc2ncnc3cccnc23)c1,7.47
CC(C)(C)ONC(=O)c1cc(NCc2cc(O)ccc2O)ccc1O,7.0
O=C(OCC1CCCCC1)c1cc(NCc2cc(O)ccc2O)ccc1O,5.92
Nc1ccc2ncncc2c1,9.1
COC(=O)Cc1cc(NCc2cc(O)ccc2O)ccc1O,5.52
CCOP(=O)(Cc1cc(NCc2cc(O)ccc2O)ccc1O)OCC,5.4
O=C(Cc1cc(/N=C/c2cc(O)ccc2O)ccc1O)NOCc1ccccc1,4.3
Clc1ccc2ncnc(Nc3cccc(Br)c3)c2n1,7.75
COc1cc2ncnc(N(C)c3cccc(C)c3)c2cc1OC.Cl,4.92
CN(c1ccccc1)c1[nH]cnc2ncnc1-2,5.7
CC(C)(C)ONC(=O)Cc1cc(NCc2cc(O)ccc2O)ccc1O,5.3
Nc1cc2ncnc(NCc3ccccc3)c2cn1,6.24
CC(=O)Nc1cc2ncnc(Nc3cccc(Br)c3)c2cn1,7.54
O=P(O)(O)Cc1cc(NCc2cc(O)ccc2O)ccc1O,5.52
c1ccc(CNc2ncnc3ccncc23)cc1,5.84
Clc1cc2c(Nc3cccc(Br)c3)ncnc2cn1,7.4
Nc1ccc2c(Nc3cccc(Br)c3)ncnc2n1,6.03
CC(COC(=O)c1cc(NCc2cc(O)ccc2O)ccc1O)CC(C)(C)C,6.1
O=C(OC/C=C/c1ccccc1)c1cc(NCc2cc(O)ccc2O)ccc1O,5.89
c1ccc(CNc2ncnc3cnccc23)cc1,5.69
COc1cc2ncnc(N(C)c3ccc(Cl)cc3)c2cc1OC.Cl,5.52
CCOC(=O)Cc1cc(/N=C/c2cc(O)ccc2O)ccc1O,4.0
O=C(O)c1cc(/N=C/c2cc(O)ccc2O)ccc1O,5.3
O=C(OCCCc1ccccc1)c1cc(NCc2cc(O)ccc2O)ccc1O,7.52
CNC1=CC2N=CN(C)/C(=N\c3cccc(Br)c3)C2C=N1,8.51
Brc1cccc(Nc2ncnc3cnccc23)c1,7.29
CN(C)c1ccc2c(Nc3cccc(Br)c3)ncnc2n1,6.49
O=C(OCCC12C[C@H]3C[C@@H](C1)C[C@@H](C2)C3)c1cc(NCc2cc(O)ccc2O)ccc1O,5.9
CC(C)CCCC(C)CCOC(=O)c1cc(/N=C/c2cc(O)ccc2O)ccc1O,5.3
c1ccc(CNc2ncnc3cccnc23)cc1,6.22
CC(C)(C)ONC(=O)Cc1cc(/N=C/c2cc(O)ccc2O)ccc1O,4.51
CC(COC(=O)c1cc(/N=C/c2cc(O)ccc2O)ccc1O)CC(C)(C)C,5.0
COc1cc2ncnc(N(C)c3ccccc3)c2cc1OC.Cl,5.4
COc1cc2ncnc(Nc3ccccc3)c2cc1OC.Cl,7.3
CCOP(=O)(Cc1cc(/N=C/c2cc(O)ccc2O)ccc1O)OCC,4.12
CC(C)c1ccc(COC(=O)c2cc(NCc3cc(O)ccc3O)ccc2O)cc1,6.0
O=C(Oc1ccc2ccccc2c1)c1cc(NCc2cc(O)ccc2O)ccc1O,7.05
O=C(O)Cc1cc(NCc2cc(O)ccc2O)ccc1O,5.22
O=C(Cc1cc(NCc2cc(O)ccc2O)ccc1O)NOCc1ccccc1,6.0
CN(C)c1ccc2ncncc2c1,6.92
COc1cc2ncnc(N(C)c3cccc(C(F)(F)F)c3)c2cc1OC.Cl,4.52
Fc1ccc2c(Nc3cccc(Br)c3)ncnc2n1,6.17
CNc1ccc2ncncc2c1,8.15
Nc1ccc2cncnc2c1,10.0
CN(C)c1ccc2cncnc2c1,7.96
O=C(Oc1cccc(O)c1)c1cc(NCc2cc(O)ccc2O)ccc1O,7.05
O=C(NO)c1cc(NCc2cc(O)ccc2O)ccc1O,6.4
Fc1cc2ncnc(Nc3cccc(Br)c3)c2cn1,7.89
CCN(c1ccccc1)c1ncnc2cc(OC)c(OC)cc12.Cl,5.26
CC(C)(C)CCOC(=O)c1cc(NCc2cc(O)ccc2O)ccc1O,6.16
Brc1cccc(Nc2ncnc3ncccc23)c1,6.16
CNc1ccc2cncnc2c1,8.4
O=C(OCCc1ccccc1)c1cc(NCc2cc(O)ccc2O)ccc1O,6.89
O=C(OCCCCc1ccccc1)c1cc(NCc2cc(O)ccc2O)ccc1O,6.4
Brc1cccc(Nc2ncnc3ccncc23)c1,7.46
COc1cc2ncnc(N3CCc4ccccc43)c2cc1OC.Cl,5.52
CONC(=O)c1cc(NCc2cc(O)ccc2O)ccc1O,6.52
O=C(Oc1ccc(-c2ccccc2)cc1)c1cc(NCc2cc(O)ccc2O)ccc1O,5.3
COc1ccc2cncnc2c1,8.0
CC(C)CCCC(C)CCOC(=O)c1cc(NCc2cc(O)ccc2O)ccc1O,5.16
CC(CCOC(=O)c1cc(NCc2cc(O)ccc2O)ccc1O)c1ccccc1,6.4
O=C(Oc1cccc2ccccc12)c1cc(NCc2cc(O)ccc2O)ccc1O,6.96
Fc1cc2c(Nc3cccc(Br)c3)ncnc2cn1,6.91
CC(C)(C)OC(=O)c1cc(NCc2cc(O)ccc2O)ccc1O,6.0
CCOC(=O)c1cc(NCc2cc(O)ccc2O)ccc1O,6.4
CC(=O)Nc1cc2ncnc(NCc3ccccc3)c2cn1,7.0
Fc1ccc2ncnc(Nc3cccc(Br)c3)c2n1,7.36
COCOc1cc(C(C)(C)C)ccc1-c1ccc(C(=O)OC)cc1,5.0
COc1cc2cc3ncc(C#N)c(Nc4ccc(F)c(Cl)c4)c3cc2cc1OC,4.75
COCOc1cc(-c2ccccc2)ccc1-c1ccc(C(=O)NCc2ccccc2)cc1,5.96
O=C(O)c1ccc(-c2cc(O)cc(-c3ccccc3)c2)cc1,5.0
O=C(NCc1ccccc1)c1ccc(-c2cc(O)cc(-c3ccccc3)c2)cc1,5.1
COc1cc2ncc(C#N)c(Nc3ccc(F)c(Cl)c3)c2cc1OC,5.29
O=C(NCc1ccccc1)c1ccc(-c2ccc(-c3ccccc3)cc2O)cc1,5.85
CC(C)(C)c1cc(O)cc(-c2ccc(C(=O)NCc3ccccc3)cc2)c1,5.27
COCOc1cc(-c2ccccc2)ccc1-c1ccc(C(=O)O)cc1,5.0
COC(=O)c1ccc(-c2ccc(-c3ccccc3)cc2O)cc1,4.85
Nc1ccc(Nc2[nH]nc3ncnc(Nc4cccc(Cl)c4)c23)cc1,8.3
O=[N+]([O-])c1cccc(-c2[nH]nc3ncnc(Nc4cccc(Cl)c4)c23)c1,6.57
COc1ccc(CCNC(=O)/C(C#N)=C/c2ccc(O)c(O)c2)cc1OC,5.77
c1ccc(Nc2nc[nH]c3nnc(Nc4ccccc4)c2-3)cc1,7.24
Nc1cccc(-c2[nH]nc3ncnc(Nc4cccc(Cl)c4)c23)c1,8.3
Nc1ncnc2c1ncn2-c1ccccc1,4.82
COc1cccc(Nc2[nH]nc3ncnc(Nc4cccc(Cl)c4)c23)c1,8.1
Nc1ncnc2c1c(-c1ccccc1)nn2-c1ccccc1,6.1
COc1ccc(CNc2[nH]nc3ncnc(Nc4cccc(Cl)c4)c23)cc1,8.15
CCN(CC)CCOc1ccc(Nc2ncc3cc(-c4c(Cl)cccc4Cl)c(=O)n(C)c3n2)cc1,6.46
COc1cc(OC)cc(-c2cc3cnc(N)nc3nc2NC(=O)NC(C)(C)C)c1,4.3
O=C(Nc1cccc(C(F)(F)F)c1)c1ccccc1NCc1ccncc1,4.98
CN(C)c1ccc(Nc2[nH]nc3ncnc(Nc4cccc(Cl)c4)c23)cc1,7.54
Cc1[nH]c2ncnc(Nc3cccc(Cl)c3)c2c1C,4.57
N#CC(C#N)=C1C(=O)Nc2ccc([N+](=O)[O-])cc21,4.4
CN1CCN(CCCNc2ncc3cc(-c4c(Cl)cccc4Cl)c(NC(=O)NC4CCCCC4)nc3n2)CC1,6.06
CN1CCN(CCCNc2ncc3cc(-c4c(Cl)cccc4Cl)c(NC(=O)NCc4ccccc4)nc3n2)CC1,6.01
Clc1cccc(Nc2[nH]cnc3nnc(NCc4ccccc4)c2-3)c1,8.15
Nc1[nH]cnc2nnc(Nc3cccc(Cl)c3)c1-2,6.8
Oc1cccc(-c2[nH]nc3ncnc(Nc4cccc(Cl)c4)c23)c1,7.58
Nc1ccc(-c2[nH]nc3ncnc(Nc4cccc(Cl)c4)c23)cc1,8.7
N#CC(C#N)=C1C(=O)Nc2cc(O)c(O)cc21,5.6
Nc1nc(N)c2c(Nc3cccc(Cl)c3)[nH]nc2n1,6.66
Clc1cccc(CNc2[nH]nc3ncnc(Nc4cccc(Cl)c4)c23)c1,7.58
COc1ccc(-c2[nH]nc3ncnc(Nc4cccc(Cl)c4)c23)cc1,7.02
N#CC(C#N)=C1C(=O)Nc2ccc(O)cc21,4.9
Nc1ncnc2c1cnn2-c1ccccc1,5.57
COc1cccc(CNc2[nH]nc3ncnc(Nc4cccc(Cl)c4)c23)c1,8.1
CC(C)(C)OC(=O)Nc1ccc(-c2[nH]nc3ncnc(Nc4cccc(Cl)c4)c23)cc1,6.57
Clc1cccc(Nc2[nH]nc3ncnc(Oc4cccc(Cl)c4)c23)c1,4.62
N#C/C(=C\c1ccc(O)c(O)c1)C(=O)N1CCN(c2ccccc2)CC1,5.37
Clc1cccc(Nc2nc[nH]c3nnc(Nc4cccc(Cl)c4)c2-3)c1,6.48
Clc1cccc(Nc2[nH]nc3ncnc(NCc4ccccc4)c23)c1,6.06
Clc1cccc(Nc2[nH]nc3ncnc(Nc4cccc(Br)c4)c23)c1,6.89
COc1cc2c(cc1O)NC(=O)C2=C(C#N)C#N,4.22
Clc1cccc(Nc2[nH]nc3ncnc(Nc4ccccc4)c23)c1,7.08
Oc1cccc(Nc2[nH]nc3ncnc(Nc4cccc(Cl)c4)c23)c1,9.0
COc1ccc(NC(=O)Nc2nc3nc(NCCCN4CCN(C)CC4)ncc3cc2-c2c(Cl)cccc2Cl)cc1,6.14
Cc1c(C)n(-c2ccccc2)c2ncnc(N)c12,5.57
COc1ccc(Nc2[nH]nc3ncnc(Nc4cccc(Cl)c4)c23)cc1,7.52
N#CC(C#N)=C1CCc2c1ccc(O)c2O,5.16
CN1C(=O)C(=C(C#N)C#N)c2cc(O)ccc21,4.58
Oc1ccc(Nc2[nH]nc3ncnc(Nc4cccc(Cl)c4)c23)cc1,8.1
N#CC(C#N)=C1CCc2cc(O)c(O)cc21,6.3
Cc1cccc(Nc2[nH]cnc3nnc(Nc4cccc(Cl)c4)c2-3)c1,6.89
Clc1cccc(Nc2[nH]cnc3nnc(-c4ccccc4)c2-3)c1,7.72
Oc1ccc(-c2[nH]nc3ncnc(Nc4cccc(Cl)c4)c23)cc1,8.22
C[C@H](Nc1cc(-c2sc(C3CCN(C)CC3)nc2-c2ccc(F)cc2)ccn1)c1ccccc1,5.96
COc1cc(/C=C(\C#N)C(N)=O)cc(Sc2nc3ccccc3s2)c1O,6.46
COc1ccc(C#CC(C)(C)N)cc1C(=O)c1ccc(Nc2ccc(F)cc2F)cc1,5.06
CN1CCN(c2ccc3c(n2)nc(-c2ccc(F)cc2)n3-c2ccnc(NC3CCCC3)n2)CC1,5.06
O=C(O)c1cc(N(Cc2ccccc2O)Cc2cc(O)ccc2O)ccc1O,5.39
OC1(c2nc(-c3ccc(F)cc3)c(-c3ccnc(NC4CCCCC4)c3)o2)CCNCC1,5.7
O=C(O)c1cc(CCc2cc(O)ccc2O)ccc1O,5.48
N#C/C(=C\c1ccc(O)cc1)c1ccccn1,4.14
COc1cc(/C=C(\C#N)c2ccccn2)ccc1O,5.68
N#C/C(=C\c1ccc(Oc2ccccc2)c(I)c1)c1ccccn1,4.34
Cc1nc(O)c2c(ccc3[nH]c(Nc4c(Cl)cccc4Cl)nc32)c1C,4.0
COc1cc2ncc(N[C@H]3CC[C@H](O)CC3)nc2cc1OC,5.43
Cc1[nH]c2ncnc(Nc3cccc(C#N)c3)c2c1C,6.7
Cc1[nH]c2ncnc(N(C)c3cccc(Cl)c3)c2c1C,6.3
Clc1cccc(Nc2ncnc3[nH]c4ccccc4c23)c1,8.22
c1ccc(Nc2ncnc3[nH]c4c(c23)CCCC4)cc1,6.51
Cc1[nH]c2ncnc(NCc3ccccc3)c2c1C,5.97
Cc1cccc(Nc2ncnc3[nH]c4c(c23)CCCC4)c1,6.09
O=C(O)c1cccc(Nc2ncnc3[nH]c4c(c23)CCCC4)c1,4.59
Cc1[nH]c2ncnc(Nc3cccc(O)c3)c2c1C,5.9
Clc1cccc(Nc2ncnc3[nH]c(-c4ccccc4)c(-c4ccccc4)c23)c1,7.02
Cc1[nH]c2ncnc(Nc3cc(Cl)cc(Cl)c3)c2c1C,6.77
Brc1cccc(Nc2ncnc3[nH]c4c(c23)CCCC4)c1,7.34
Cc1ccc(Nc2ncnc3[nH]c(C)c(C)c23)cc1,5.68
FC(F)(F)c1cccc(Nc2ncnc3[nH]c4c(c23)CCCC4)c1,6.44
Cc1[nH]c2ncnc(Nc3cccc(Cl)c3)c2c1-c1ccccc1,6.64
Cc1[nH]c2ncnc(NC3CCCCC3)c2c1C,5.16
Cc1ccc(Nc2ncnc3[nH]c4c(c23)CCCC4)cc1,6.96
Clc1cccc(Nc2ncnc3[nH]c4c(c23)CCCC4)c1,7.54
Cc1[nH]c2ncnc(Nc3cccc(C(F)(F)F)c3)c2c1C,5.72
COc1cccc(Nc2ncnc3[nH]c4c(c23)CCCC4)c1,6.07
COc1cccc(Nc2ncnc3[nH]c(C)c(C)c23)c1,5.92
Cc1[nH]c2ncnc(Nc3ccc(F)cc3)c2c1C,6.25
Cc1[nH]c2ncnc(Nc3ccccc3Cl)c2c1C,4.12
Oc1cccc(Nc2ncnc3[nH]c4c(c23)CCCC4)c1,6.38
Cc1[nH]c2ncnc(Nc3cccc(C(=O)O)c3)c2c1C,4.79
Cc1[nH]c2ncnc(Nc3ccccc3)c2c1C,5.72
CCc1ccc(Nc2ncnc3[nH]c(C)c(C)c23)cc1,4.11
Cc1[nH]c2ncnc(Nc3cccc(Br)c3)c2c1C,7.6
Cc1[nH]c2ncnc(Oc3cccc(Cl)c3)c2c1C,5.6
Cc1cccc(Nc2ncnc3[nH]c(C)c(C)c23)c1,6.24
Cc1[nH]c2ncnc(Nc3cccc(F)c3)c2c1C,6.26
Cc1c(-c2ccccc2)[nH]c2ncnc(Nc3cccc(Cl)c3)c12,8.0
OCCCNc1cncc(-c2cncc(Nc3cccc(Cl)c3)n2)c1,5.87
CCOc1cc2ncc(C#N)c(Nc3ccc4c(ccn4S(=O)(=O)c4ccccc4)c3)c2cc1NC(=O)/C=C/CN(C)C,7.09
CCOc1cc2ncc(C#N)c(Nc3ccc(OCc4cccc(F)c4)c(Cl)c3)c2cc1NC(=O)/C=C/CN(C)C,7.47
COc1cc2ncc(C#N)c(Nc3ccc(OCc4ccccc4)c(Cl)c3)c2cc1NC(=O)/C=C/CN(C)C,7.62
COc1cc2ncc(C#N)c(Nc3ccc(OCc4ccccc4)cc3)c2cc1NC(=O)/C=C/CN(C)C,6.73
CCOc1cc2ncc(C#N)c(Nc3ccc(OCc4ccc(F)cc4F)c(Cl)c3)c2cc1NC(=O)/C=C/CN(C)C,6.96
CCOc1cc2ncc(C#N)c(Nc3ccc(OCc4cccc(Cl)c4)c(Cl)c3)c2cc1NC(=O)/C=C/CN(C)C,8.15
CCOc1cc2ncc(C#N)c(Nc3ccc(OCc4ccccc4OC)c(Cl)c3)c2cc1NC(=O)/C=C/CN(C)C,7.51
CCOc1cc2ncc(C#N)c(Nc3ccc(OCc4ccc(OCc5ccccc5)cc4)c(Cl)c3)c2cc1NC(=O)/C=C/CN(C)C,6.24
CCOc1cc2ncc(C#N)c(Nc3ccc(OCc4cccs4)c(Cl)c3)c2cc1NC(=O)/C=C/CN(C)C,6.56
CCOc1cc2ncc(C#N)c(Nc3ccc(O[C@@H]4CCc5ccccc54)c(Cl)c3)c2cc1NC(=O)/C=C/CN(C)C,6.42
CCOc1cc2ncc(C#N)c(Nc3ccc(O[C@H]4CCc5ccccc54)c(Cl)c3)c2cc1NC(=O)/C=C/CN(C)C,6.4
CCOc1cc2ncc(C#N)c(Nc3cccc(OCc4ccccc4)c3)c2cc1NC(=O)/C=C/CN(C)C,4.89
CCOc1cc2ncc(C#N)c(Nc3ccc(N(C)Cc4ccccc4)c(Cl)c3)c2cc1NC(=O)/C=C/CN(C)C,6.6
CCOc1cc2ncc(C#N)c(Nc3ccc(OCc4ccccc4)cc3)c2cc1NC(=O)/C=C/CN(C)C,6.46
CCOc1cc2ncc(C#N)c(Nc3ccc(OCCc4ccccc4)c(Cl)c3)c2cc1NC(=O)/C=C/CN(C)C,6.78
CCOc1cc2ncc(C#N)c(Nc3cc(Cl)c(OCc4ccccc4)c(Cl)c3)c2cc1NC(=O)/C=C/CN(C)C,6.79
CCOc1cc2ncc(C#N)c(Nc3ccc(OCc4ccccc4)c(C#N)c3)c2cc1NC(=O)/C=C/CN(C)C,6.12
CCOc1cc2ncc(C#N)c(Nc3ccc(OCc4ccccc4F)c(Cl)c3)c2cc1NC(=O)/C=C/CN(C)C,6.4
CCOc1cc2ncc(C#N)c(Nc3ccc(OCc4ccc(F)cc4)c(Cl)c3)c2cc1NC(=O)/C=C/CN(C)C,7.19
CCOc1cc2ncc(C#N)c(Nc3cc(Cl)c(OCc4cccc(F)c4)c(Cl)c3)c2cc1NC(=O)/C=C/CN(C)C,6.44
CCOc1cc2ncc(C#N)c(Nc3ccc(OCc4cc(F)cc(F)c4)c(Cl)c3)c2cc1NC(=O)/C=C/CN(C)C,6.85
CCOc1cc2ncc(C#N)c(Nc3ccc(OCc4ccc(Cl)cc4)c(Cl)c3)c2cc1NC(=O)/C=C/CN(C)C,7.29
CCOc1cc2ncc(C#N)c(Nc3ccc(OCc4cccc(C#N)c4)c(Cl)c3)c2cc1NC(=O)/C=C/CN(C)C,6.71
CCCCCOc1ccc(Nc2c(C#N)cnc3cc(OCC)c(NC(=O)/C=C/CN(C)C)cc23)cc1Cl,6.05
CCOc1cc2ncc(C#N)c(Nc3ccc(OCc4cccc(C)c4)c(Cl)c3)c2cc1NC(=O)/C=C/CN(C)C,6.96
CCOc1cc2ncc(C#N)c(Nc3ccc(OCC4CCCCC4)c(Cl)c3)c2cc1NC(=O)/C=C/CN(C)C,6.54
CCOc1cc2ncc(C#N)c(Nc3ccc(OCc4ccccn4)c(Cl)c3)c2cc1NC(=O)/C=C/CN(C)C,7.04
CCOc1cc2ncc(C#N)c(Nc3ccc(OCc4cccnc4)c(Cl)c3)c2cc1NC(=O)/C=C/CN(C)C,6.47
CCOc1cc2ncc(C#N)c(Nc3ccc(OCc4ccco4)c(Cl)c3)c2cc1NC(=O)/C=C/CN(C)C,7.64
CCOc1cc2ncc(C#N)c(Nc3ccc(OCc4nc5ccccc5s4)c(Cl)c3)c2cc1NC(=O)/C=C/CN(C)C,6.73
CCOc1cc2ncc(C#N)c(Nc3ccc(OCc4ccnc5ccccc45)c(Cl)c3)c2cc1NC(=O)/C=C/CN(C)C,6.62
CCOc1cc2ncc(C#N)c(Nc3ccc(OCc4cccc5ccccc45)c(Cl)c3)c2cc1NC(=O)/C=C/CN(C)C,8.0
CCOc1cc2ncc(C#N)c(Nc3ccc(OCc4ccc5ccccc5c4)c(Cl)c3)c2cc1NC(=O)/C=C/CN(C)C,7.82
CCOc1cc2ncc(C#N)c(Nc3ccc(O[C@H](C)c4ccccc4)c(Cl)c3)c2cc1NC(=O)/C=C/CN(C)C,7.0
CCOc1cc2ncc(C#N)c(Nc3ccc(O[C@@H](C)c4ccccc4)c(Cl)c3)c2cc1NC(=O)/C=C/CN(C)C,6.11
CCOc1cc2ncc(C#N)c(Nc3ccc(NCc4ccccc4)c(Cl)c3)c2cc1NC(=O)/C=C/CN(C)C,7.35
CCOc1cc2ncc(C#N)c(Nc3ccc(NCc4cccc5ccccc45)c(Cl)c3)c2cc1NC(=O)/C=C/CN(C)C,7.47
COc1cc2ncc(C#N)c(Nc3ccc(NCc4ccccc4)c(Cl)c3)c2cc1NC(=O)/C=C/CN(C)C,6.4
COc1cc2ncc(C#N)c(Nc3ccc(NCc4cccnc4)c(Cl)c3)c2cc1NC(=O)/C=C/CN(C)C,7.14
COc1cc2ncc(C#N)c(Nc3ccc(NCNc4ccccc4)c(Cl)c3)c2cc1NC(=O)/C=C/CN(C)C,6.68
CCOc1cc2ncc(C#N)c(Nc3ccc(OCc4ccccc4)c(Cl)c3)c2cc1NC(=O)/C=C/CN(C)CCOC,7.17
CCOc1cc2ncc(C#N)c(Nc3ccc(OCc4ccccc4)c(Cl)c3)c2cc1NC(=O)/C=C/CN(C)CCO,7.7
CCOc1cc2ncc(C#N)c(Nc3ccc(OCc4ccccc4)c(Cl)c3)c2cc1NC(=O)/C=C/CN(C)NC[C@H](O)[C@@H](O)[C@H](O)[C@H](O)CO,6.14
CCOc1cc2ncc(C#N)c(Nc3ccc(OCc4ccccc4)c(Cl)c3)c2cc1NC(=O)/C=C/CN(CC(C)O)CC(C)O,7.01
CCOc1cc2ncc(C#N)c(Nc3ccc(OCc4ccccc4)c(Cl)c3)c2cc1NC(=O)/C=C/CN1CCCC1COC,6.82
CCOc1cc2ncc(C#N)c(Nc3ccc(OCc4ccccc4)c(Cl)c3)c2cc1NC(=O)/C=C/CN1CCCCC1,7.51
CCOc1cc2ncc(C#N)c(Nc3ccc(OCc4ccccc4)c(Cl)c3)c2cc1NC(=O)/C=C/CN1CCC(O)CC1,6.66
CCOc1cc2ncc(C#N)c(Nc3ccc(OCc4ccccc4)c(Cl)c3)c2cc1NC(=O)/C=C/CN1CCC(O)(O)CC1,6.55
CCOc1cc2ncc(C#N)c(Nc3ccc(OCc4ccccc4)c(Cl)c3)c2cc1NC(=O)/C=C/CN1C(C)CCCC1C,6.61
CCOc1cc2ncc(C#N)c(Nc3ccc(OCc4ccccc4)c(Cl)c3)c2cc1NC(=O)/C=C/CN1CCOCC1,7.7
CCOc1cc2ncc(C#N)c(Nc3ccc(OCc4ccccc4)c(Cl)c3)c2cc1NC(=O)/C=C/CN1CCSCC1,7.8
CCOc1cc2ncc(C#N)c(Nc3ccc(OCc4ccccc4)c(Cl)c3)c2cc1NC(=O)/C=C/CN1CCN(C)CC1,6.44
CCOc1cc2ncc(C#N)c(Nc3ccc(OCc4ccccc4)c(Cl)c3)c2cc1NC(=O)/C=C/CN1CCC1,7.58
CCOc1cc2ncc(C#N)c(Nc3ccc(OCc4ccccc4)c(Cl)c3)c2cc1NC(=O)/C=C/CN1CC1C(=O)OC,6.46
CCOc1cc2ncc(C#N)c(Nc3ccc(OCc4ccccc4)c(Cl)c3)c2cc1NC(=O)/C=C/CN1CCOCCOCCOCC1,6.49
CCOc1cc2ncc(C#N)c(Nc3ccc(OCc4ccccc4)c(Cl)c3)c2cc1NC(=O)/C=C/CN1CCCC1,7.11
CCOc1cc2ncc(C#N)c(Nc3ccc(OCc4ccccc4)c(Cl)c3)c2cc1NC(=O)/C=C/Cc1c[nH]cn1,7.62
CCOc1cc2ncc(C#N)c(Nc3ccc(OCc4ccccc4)c(Cl)c3)c2cc1NC(=O)/C=C/c1cccc2cccnc12,6.0
CCOc1cc2ncc(C#N)c(Nc3ccc(OCc4ccccc4)c(Cl)c3)c2cc1NC(=O)/C=C/c1ccccc1N(C)C,5.8
CCOc1cc2ncc(C#N)c(Nc3ccc(OCc4ccccc4)c(Cl)c3)c2cc1NC(=O)/C=C/c1cn(C)cn1,6.59
C=CS(=O)(=O)Nc1cc2c(Nc3ccc(OCc4ccccc4)c(Cl)c3)c(C#N)cnc2cc1OCC,7.35
C=C(CN(C)C)C(=O)Nc1cc2c(Nc3ccc(OCc4ccccc4)c(Cl)c3)c(C#N)cnc2cc1OCC,6.65
C=C(CN1CCOCC1)C(=O)Nc1cc2c(Nc3ccc(OCc4ccccc4)c(Cl)c3)c(C#N)cnc2cc1OCC,7.12
C=C(CNc1cc2c(Nc3ccc(OCc4ccccc4)c(Cl)c3)c(C#N)cnc2cc1OCC)C(=O)O,5.92
CCOc1cc2ncc(C#N)c(Nc3ccc(OCc4ccccc4Cl)c(Cl)c3)c2cc1NC(=O)/C=C/CN(C)C,7.96
CCOc1cc2ncc(C#N)c(Nc3ccc(OCc4ccccc4)c(Cl)c3)c2cc1NC(=O)/C=C/CN(C(C)C)C(C)C,7.52
COc1cc2ncc(C#N)c(Nc3ccc(-n4ccnc4)c(Cl)c3)c2cc1NC(=O)/C=C/CN(C)C,6.11
CCOc1cc2ncc(C#N)c(Nc3ccc(Oc4ccncc4)c(Cl)c3)c2cc1NC(=O)/C=C/CN(C)C,6.19
COc1cc2ncc(C#N)c(Nc3ccc(Sc4nccn4C)c(Cl)c3)c2cc1NC(=O)/C=C/CN(C)C,7.39
COc1cc2ncc(C#N)c(Nc3ccc(Sc4nccs4)c(Cl)c3)c2cc1NC(=O)/C=C/CN(C)C,7.38
CCOc1cc2ncc(C#N)c(Nc3ccc(Cn4ccnc4)c(Cl)c3)c2cc1NC(=O)/C=C/CN(C)C,6.29
CCOc1cc2ncc(C#N)c(Nc3ccc(N4CCOCC4)c(Cl)c3)c2cc1NC(=O)/C=C/CN(C)C,4.9
CCOc1cc2ncc(C#N)c(Nc3ccc(OCc4ccccc4)c(Cl)c3)c2cc1NC(=O)/C=C/CN(C)C,7.28
COc1cc2ncc(C#N)c(Nc3ccc(Sc4ncccn4)c(Cl)c3)c2cc1NC(=O)/C=C/CN(C)C,6.39
COc1cc2ncc(C#N)c(Nc3ccc(Sc4ncc(-c5ccccc5)s4)c(Cl)c3)c2cc1NC(=O)/C=C/CN(C)C,7.5
CCOc1cc2ncc(C#N)c(Nc3ccc(Sc4nc(-c5ccccc5)cs4)c(Cl)c3)c2cc1NC(=O)/C=C/CN(C)C,6.9
COc1cc2ncc(C#N)c(Nc3ccc(Cc4nc(-c5ccccc5)cs4)c(Cl)c3)c2cc1NC(=O)/C=C/CN(C)C,6.67
CCOc1cc2ncc(C#N)c(Nc3ccc(OCc4nccn4C)c(Cl)c3)c2cc1NC(=O)/C=C/CN(C)C,6.3
CCOc1cc2ncc(C#N)c(Nc3ccc(Oc4ccccc4)c(Cl)c3)c2cc1NC(=O)/C=C/CN(C)C,6.35
CCOc1cc2ncc(C#N)c(Nc3ccc4c(ccn4Cc4ccccc4)c3)c2cc1NC(=O)/C=C/CN(C)C,7.0
COc1cc2ncc(C#N)c(Nc3ccc4c(cnn4Cc4ccccc4)c3)c2cc1NC(=O)/C=C/CN(C)C,6.89
CCOc1cc2ncc(C#N)c(Nc3ccc4c(c3)CCN4Cc3ccccc3)c2cc1NC(=O)/C=C/CN(C)C,6.47
Fc1ccc(Nc2ncnc3nn4ccccc4c23)cc1Cl,6.7
Fc1cccc(COc2ccc(Nc3ncnc4nn5ccccc5c34)cc2Cl)c1,7.5
Clc1cc(Nc2ncnc3nn4ccccc4c23)ccc1OCc1ccccc1,7.3
c1ccc(Cc2nc3cc(Nc4ncnc5nn6ccccc6c45)ccc3[nH]2)cc1,5.3
ClCCNc1ccc2ncnc(Nc3cccc(Br)c3)c2c1,8.0
ClCCNc1ccc2ncnc(Nc3cccc(Cl)c3)c2c1,7.58
COc1cc2ncnc(Nc3cccc(NC(=O)c4ccccc4)c3)c2cc1OC,5.25
COc1cc2ncnc(Nc3cc(NC(=O)c4ccccc4)c(F)cc3F)c2cc1OC,6.31
COc1cc2ncnc(Nc3cc(NC(=O)c4ccccc4)ccc3Cl)c2cc1OC,4.96
COc1cc2ncnc(Nc3ccc(C)c(NC(=O)c4ccccc4)c3)c2cc1OC,5.5
COc1cc2ncnc(Nc3cccc(NC(=O)c4ccccc4)c3F)c2cc1OC,5.55
COc1cc2ncnc(Nc3ccc(Cl)c(NC(=O)c4ccccc4)c3)c2cc1OC,5.66
COc1cc2ncnc(Nc3cc(NC(=O)c4cccc(N(C)C)c4)ccc3Cl)c2cc1OC,4.54
COc1cc2ncnc(Nc3ccc(Cl)c(NC(=O)c4cccc(N(C)C)c4)c3)c2cc1OC,6.0
Fc1ccc(Nc2ncnn3cccc23)cc1Cl,6.96
Cc1ccn2ncnc(Nc3ccc(F)c(Cl)c3)c12,7.0
Cc1cc2c(Nc3ccc(F)c(Cl)c3)ncnn2c1,6.82
Cc1ccc2c(Nc3ccc(F)c(Cl)c3)ncnn12,5.49
Cc1ccc(Nc2ncnn3cccc23)cc1O,6.29
Cc1ccc(Nc2ncnn3ccc(C)c23)cc1O,6.47
Cc1cc2c(Nc3ccc(C)c(O)c3)ncnn2c1,6.19
Cc1ccc(Nc2ncnn3c(C)ccc23)cc1O,4.53
Cc1ccc(Nc2ncnn3cc(C)c(C)c23)cc1O,6.7
OCCCCNc1cncc(-c2cncc(Nc3cccc(Cl)c3)n2)c1,5.13
Cc1ccsc1C(=O)n1nc(Nc2ccc(S(N)(=O)=O)cc2)nc1N,5.08
Cc1ccc(F)c(C(=O)n2nc(Nc3ccc(S(N)(=O)=O)cc3)nc2C)c1F,4.34
COCC(=O)Nc1ccc2ncnc(Nc3cc(Cl)c(Cl)cc3F)c2c1,6.6
COCC(=O)Nc1ccc2ncnc(Nc3cccc(Br)c3)c2c1,6.76
COCC(=O)Nc1ccc2ncnc(Nc3cccc(I)c3)c2c1,6.82
O=C(CCl)Nc1ccc2ncnc(Nc3cc(Cl)c(Cl)cc3F)c2c1,10.15
O=C(CCl)Nc1ccc2ncnc(Nc3cccc(Br)c3)c2c1,7.5
O=C(CCl)Nc1ccc2ncnc(Nc3cccc(I)c3)c2c1,9.92
CN(C)C/C=C/C(=O)Nc1ccc2ncnc(Nc3cc(Cl)c(Cl)cc3F)c2c1,9.96
CN(C)C/C=C/C(=O)Nc1ccc2ncnc(Nc3cccc(I)c3)c2c1,9.03
C=CC(=O)Nc1cc2c(Nc3cc(Cl)c(Cl)cc3F)ncnc2cc1N1CCN(C)CC1,5.22
C=CC(=O)Nc1cc2c(Nc3cccc(Br)c3)ncnc2cc1N1CCN(C)CC1,4.89
COc1cc2ncnc(Nc3cc(Cl)c(Cl)cc3F)c2cc1OC,9.68
C=CC(=O)Nc1ccc2ncnc(Nc3cc(Cl)c(Cl)cc3F)c2c1,10.43
CONC(=O)c1cc(Nc2ncnn3cc(NC(=O)OCCCS(C)(=O)=O)c(C(C)C)c23)c(F)cc1F,5.38
CONC(=O)c1cc(Nc2ncnn3cc(NC(=O)OCC4CCCO4)c(C(C)C)c23)c(F)cc1F,5.26
COc1cc(Nc2c(C#N)cnc3cc(-c4ccc(CN5CCN(C)CC5)cn4)sc23)c(Cl)cc1Cl,5.7
CCOC(=O)c1cn2ncnc(Nc3ccc(F)c(Cl)c3)c2c1CC,7.05
CCOC(=O)c1cn2ncnc(Nc3cccc(Br)c3)c2c1CC,7.22
CCOC(=O)c1cn2ncnc(Nc3ccc4[nH]ncc4c3)c2c1CC,7.3
CCOC(=O)c1cn2ncnc(NCc3ccccc3)c2c1CC,6.7
CCOC(=O)c1cn2ncnc(Nc3ccc4c(cnn4Cc4ccccc4)c3)c2c1CC,6.92
CCOC(=O)c1cn2ncnc(Nc3ccc(Oc4ccccc4)cc3)c2c1CC,6.21
CCOC(=O)c1cc2c(Nc3ccc4c(cnn4Cc4ccccc4)c3)ncnn2c1,6.92
CCOC(=O)c1cn2ncnc(Nc3ccc4c(cnn4Cc4ccccc4)c3)c2c1C,6.7
CCOC(=O)c1cn2ncnc(Nc3ccc4c(cnn4Cc4ccccc4)c3)c2c1C(C)C,6.7
CCCc1c(C(=O)OCC)cn2ncnc(Nc3ccc4c(cnn4Cc4ccccc4)c3)c12,6.02
CCc1c(C(=O)O)cn2ncnc(Nc3ccc4c(cnn4Cc4ccccc4)c3)c12,7.7
CCc1c(C(N)=O)cn2ncnc(Nc3ccc4c(cnn4Cc4ccccc4)c3)c12,6.92
CCc1c(C(=O)NC)cn2ncnc(Nc3ccc4c(cnn4Cc4ccccc4)c3)c12,7.16
CCc1c(C(=O)N(C)C)cn2ncnc(Nc3ccc4c(cnn4Cc4ccccc4)c3)c12,6.7
CCc1c(NC(=O)OCc2ccccc2)cn2ncnc(Nc3ccc4c(cnn4Cc4ccccc4)c3)c12,6.68
CCc1c(CO)cn2ncnc(Nc3ccc4c(cnn4Cc4ccccc4)c3)c12,6.31
CCNCc1cn2ncnc(Nc3ccc4c(cnn4Cc4ccccc4)c3)c2c1CC,5.13
CCOCc1cn2ncnc(Nc3ccc4c(cnn4Cc4ccccc4)c3)c2c1CC,6.02
CCc1c(CC(N)=O)cn2ncnc(Nc3ccc4c(cnn4Cc4ccccc4)c3)c12,5.96
CCc1c(CC(=O)O)cn2ncnc(Nc3ccc4c(cnn4Cc4ccccc4)c3)c12,5.8
CCc1c(C(=O)NCCCn2ccnc2)cn2ncnc(Nc3ccc4c(cnn4Cc4ccccc4)c3)c12,7.4
CCc1c(C(=O)OCCCn2ccnc2)cn2ncnc(Nc3ccc4c(cnn4Cc4ccccc4)c3)c12,6.77
CCc1c(NC(=O)OCCn2ccnc2)cn2ncnc(Nc3ccc4c(cnn4Cc4ccccc4)c3)c12,7.4
COc1cc2ncnc(Nc3ccc(OCc4ccccn4)c(C)c3)c2cc1OC,7.23
COc1cc(ON2CCC(C)CC2)c2c(Nc3ccc(OCc4ccccn4)c(Cl)c3)ncnc2c1,8.3
CN1CCC(Oc2cccc3ncnc(Nc4ccc(OCc5cccc(F)c5)c(Cl)c4)c23)CC1,8.3
COc1ccc(Nc2ncnc3cccc(OC4CCN(C)CC4)c23)cc1Cl,5.75
Clc1cc(Nc2ncnc3cccc(OC4CCOCC4)c23)ccc1OCc1ccccn1,5.62
CN1CCC(Oc2cccc3ncnc(Nc4ccc(OCc5ccccn5)c(Cl)c4)c23)CC1,6.85
CN1CCC(Oc2cccc3ncnc(Nc4ccc(OCc5cnccn5)c(Cl)c4)c23)CC1,6.16
CN1CCC(Oc2cccc3ncnc(Nc4ccc(OCc5cscn5)c(Cl)c4)c23)CC1,6.16
CN1CCC(Oc2cccc3ncnc(Nc4ccc(OCc5ccccn5)cc4)c23)CC1,5.68
COc1cccc2ncnc(Nc3ccc(OCc4ccccn4)c(Cl)c3)c12,6.36
Cc1cc(N2CCOCC2)cc2[nH]c(-c3c(NC[C@@H](O)c4cccc(Cl)c4)cc[nH]c3=O)nc12,5.8
COc1cc(Nc2c(C#N)cnc3cc4cc(OCCN5CCOCC5)c(OC)cc4cc23)c(Cl)cc1Cl,5.57
COc1ccc(C#CC(C)(C)N)cc1-c1[nH]nc2nc(Nc3ccc(F)cc3F)ncc12,5.28
COC(=O)c1c(OC)c2ccccc2c2oc3c(c12)C(=O)c1ccccc1C3=O,4.9
COC(=O)c1c(OCCN2CCCCC2)c2ccccc2c2oc3c(c12)C(=O)c1ccccc1C3=O,5.55
COC(=O)c1c(OCCN2CCCC2)c2ccccc2c2oc3c(c12)C(=O)c1ccccc1C3=O,5.05
COC(=O)c1c(OCCCN(C)C)c2ccccc2c2oc3c(c12)C(=O)c1ccccc1C3=O,4.87
CCN(CC)CCOc1c(C(=O)OC)c2c3c(oc2c2ccccc12)C(=O)c1ccccc1C3=O,5.29
COC(=O)c1c(OCCN(C)C)c2ccccc2c2oc3c(c12)C(=O)c1ccccc1C3=O,4.51
Cl.NCCNC(=O)c1ccc(S(=O)(=O)Oc2ccc(/C=C/[N+](=O)[O-])cc2)cc1,5.3
CCCCNC(=O)c1ccc(S(=O)(=O)Oc2ccc(/C=C/[N+](=O)[O-])cc2)cc1,5.3
COc1cc(/C=C/[N+](=O)[O-])ccc1OS(=O)(=O)c1ccc(C(=O)OC[C@H]2O[C@@H](n3cnc4c(N)ncnc43)[C@H](O)[C@@H]2O)cc1,6.3
O=C(O)c1ccc(S(=O)(=O)Oc2ccc(/C=C/[N+](=O)[O-])cc2)cc1O,7.3
Nc1ncnc2c1ncn2[C@@H]1O[C@H](COC(=O)c2ccc(S(=O)(=O)Oc3ccc(/C=C/[N+](=O)[O-])cc3)cc2)[C@@H](O)[C@H]1O,6.22
COc1cc(C(C#N)=C(C#N)C#N)cc(O)c1O,5.22
C[C@H](NC(=O)[C@H](C)NC(=O)c1ccc(S(=O)(=O)Oc2ccc(/C=C/[N+](=O)[O-])cc2)cc1)C(=O)O,5.16
COc1cc(/C=C/[N+](=O)[O-])ccc1O,5.1
C/C(=C\c1ccc(O)c(O)c1)[N+](=O)[O-],5.05
O=[N+]([O-])/C=C/c1ccc(O)c(O)c1,5.05
Cc1[nH]c(/C=C2\C(=O)Nc3ccc(S(=O)(=O)Cc4c(Cl)cccc4Cl)cc32)c(C)c1C(=O)N1CCC[C@@H]1CN1CCCC1,5.42
CN1CCN(CCOc2cc(OC3CCOCC3)c3c(Nc4c(Cl)ccc5c4OCO5)ncnc3c2)CC1,5.59
O=C(/C=C/c1ccc(O)c(O)c1)c1ccc(O)cc1O,4.8
Nc1ncnc(Nc2ccc(OCc3ccccc3)c(Cl)c2)c1C=O,7.12
Nc1ncnc(Nc2ccc(OCc3ccccc3)c(Cl)c2)c1-c1nnc(CCN2CCOCC2)o1,7.52
Nc1ncnc(Nc2ccc(OCc3ccccc3)c(Cl)c2)c1C(=O)NNC(=O)CCN1CCOCC1,6.21
NNC(=O)c1c(N)ncnc1Nc1ccc(OCc2ccccc2)c(Cl)c1,6.34
N#Cc1c(N)ncnc1Nc1ccc(OCc2ccccc2)c(Cl)c1,7.57
Nc1ncnc(Nc2ccc(OCc3ccccc3)c(Cl)c2)c1C(=O)Nc1ccccc1,7.12
Nc1ncnc(Nc2ccc(OCc3ccccc3)c(Cl)c2)c1C(=O)OCCN1CCOCC1,6.82
COC(=O)c1c(N)ncnc1Nc1ccc(OCc2ccccc2)c(Cl)c1,7.27
Nc1ncnc(Nc2ccc(OCc3ccccc3)c(Cl)c2)c1C(=O)O,7.39
NC(=O)O[C@H]1CN[C@H](C#Cc2cc3ncnc(Nc4ccc(OCc5cccc(F)c5)c(Cl)c4)c3s2)C1,7.4
CNC(=O)O[C@H]1CN[C@H](C#Cc2cc3ncnc(Nc4ccc(OCc5cccc(F)c5)c(Cl)c4)c3s2)C1,7.3
CCNC(=O)O[C@H]1CN[C@H](C#Cc2cc3ncnc(Nc4ccc(OCc5cccc(F)c5)c(Cl)c4)c3s2)C1,7.5
CN(C)C(=O)O[C@H]1CN[C@H](C#Cc2cc3ncnc(Nc4ccc(OCc5cccc(F)c5)c(Cl)c4)c3s2)C1,7.55
CCN(C)C(=O)O[C@H]1CN[C@H](C#Cc2cc3ncnc(Nc4ccc(OCc5cccc(F)c5)c(Cl)c4)c3s2)C1,7.3
O=C(O[C@H]1CN[C@H](C#Cc2cc3ncnc(Nc4ccc(OCc5cccc(F)c5)c(Cl)c4)c3s2)C1)N1CCOCC1,7.19
O=C(O[C@H]1CN[C@H](C#Cc2cc3ncnc(Nc4ccc(OCc5cccc(F)c5)c(Cl)c4)c3s2)C1)N1CCNCC1,7.2
CS(=O)(=O)CCNC(=O)O[C@H]1CN[C@H](C#Cc2cc3ncnc(Nc4ccc(OCc5cccc(F)c5)c(Cl)c4)c3s2)C1,7.4
CCNC(=O)O[C@@H]1CN[C@@H](C#Cc2cc3ncnc(Nc4ccc(OCc5cccc(F)c5)c(Cl)c4)c3s2)C1,7.3
CN(C)C(=O)O[C@@H]1CN[C@@H](C#Cc2cc3ncnc(Nc4ccc(OCc5cccc(F)c5)c(Cl)c4)c3s2)C1,7.4
O=C(O[C@@H]1CN[C@@H](C#Cc2cc3ncnc(Nc4ccc(OCc5cccc(F)c5)c(Cl)c4)c3s2)C1)N1CCOCC1,7.4
CCNC(=O)O[C@@H]1CN[C@H](C#Cc2cc3ncnc(Nc4ccc(OCc5cccc(F)c5)c(Cl)c4)c3s2)C1,6.9
CN(C)C(=O)O[C@@H]1CN[C@H](C#Cc2cc3ncnc(Nc4ccc(OCc5cccc(F)c5)c(Cl)c4)c3s2)C1,7.1
O=C(O[C@@H]1CN[C@H](C#Cc2cc3ncnc(Nc4ccc(OCc5cccc(F)c5)c(Cl)c4)c3s2)C1)N1CCOCC1,7.1
CCNC(=O)O[C@H]1CN[C@@H](C#Cc2cc3ncnc(Nc4ccc(OCc5cccc(F)c5)c(Cl)c4)c3s2)C1,7.5
CN(C)C(=O)O[C@H]1CN[C@@H](C#Cc2cc3ncnc(Nc4ccc(OCc5cccc(F)c5)c(Cl)c4)c3s2)C1,7.1
O=C(O[C@H]1CN[C@@H](C#Cc2cc3ncnc(Nc4ccc(OCc5cccc(F)c5)c(Cl)c4)c3s2)C1)N1CCOCC1,7.3
CS(=O)(=O)CCNCc1ccc(-c2ccc3ncnc(Nc4ccc(OCc5cccc(F)c5)c(Cl)c4)c3c2)o1.Cc1ccc(S(=O)(=O)O)cc1.Cc1ccc(S(=O)(=O)O)cc1.O,8.3
CN(C)C/C=C/C(=O)Nc1cc2c(Nc3ccc(F)c(Cl)c3)ncnc2cc1O[C@H]1CCOC1,8.22
CCN(CC)C(=O)O[C@H]1CN[C@H](C#Cc2cc3ncnc(Nc4ccc(OCc5cccc(F)c5)c(Cl)c4)c3s2)C1,7.2
O=C(O[C@H]1CN[C@H](C#Cc2cc3ncnc(Nc4ccc(OCc5cccc(F)c5)c(Cl)c4)c3s2)C1)N1CCCC1,7.0
Cc1ccc(NC(=O)c2ccc(CN3CCN(C)CC3)cc2)cc1-c1ccc2ccncc2c1,6.16
Fc1cccc(COc2ccc(Nc3ncnc4cc(C#C[C@@H]5CCCN5)sc34)cc2Cl)c1,6.96
Fc1cccc(COc2ccc(Nc3ncnc4cc(C#C[C@H]5CCCN5)sc34)cc2Cl)c1,8.15
COCCN1CCC[C@@H]1C#Cc1cc2ncnc(Nc3ccc(OCc4cccc(F)c4)c(Cl)c3)c2s1,6.89
CS(=O)(=O)N1CCC[C@@H]1C#Cc1cc2ncnc(Nc3ccc(OCc4cccc(F)c4)c(Cl)c3)c2s1,6.92
CC(=O)N1CCC[C@@H]1C#Cc1cc2ncnc(Nc3ccc(OCc4cccc(F)c4)c(Cl)c3)c2s1,7.24
COC(=O)N1CCC[C@@H]1C#Cc1cc2ncnc(Nc3ccc(OCc4cccc(F)c4)c(Cl)c3)c2s1,6.85
O[C@H]1CN[C@H](C#Cc2cc3ncnc(Nc4ccc(OCc5cccc(F)c5)c(Cl)c4)c3s2)C1,7.85
CCO[C@H]1CN[C@H](C#Cc2cc3ncnc(Nc4ccc(OCc5cccc(F)c5)c(Cl)c4)c3s2)C1,6.94
CS(=O)(=O)O[C@H]1CN[C@H](C#Cc2cc3ncnc(Nc4ccc(OCc5cccc(F)c5)c(Cl)c4)c3s2)C1,7.09
CCC(=O)O[C@H]1CN[C@H](C#Cc2cc3ncnc(Nc4ccc(OCc5cccc(F)c5)c(Cl)c4)c3s2)C1,7.2
CCOC(=O)O[C@H]1CN[C@H](C#Cc2cc3ncnc(Nc4ccc(OCc5cccc(F)c5)c(Cl)c4)c3s2)C1,6.85
CCOC(=O)N[C@H]1CN[C@H](C#Cc2cc3ncnc(Nc4ccc(OCc5cccc(F)c5)c(Cl)c4)c3s2)C1,7.22
CCS(=O)(=O)N[C@H]1CN[C@H](C#Cc2cc3ncnc(Nc4ccc(OCc5cccc(F)c5)c(Cl)c4)c3s2)C1,7.3
Fc1ccc(-c2nn3ccccc3c2-c2ccncc2)cc1,5.2
O=C(O[C@H]1CN[C@H](C#Cc2cc3ncnc(Nc4ccc(OCc5ccccn5)c(Cl)c4)c3s2)C1)N1CCOCC1,7.3
O=C(O[C@H]1CN[C@H](C#Cc2cc3ncnc(Nc4ccc(OCc5cscn5)c(Cl)c4)c3s2)C1)N1CCOCC1,6.92
O=C(O[C@H]1CN[C@H](C#Cc2cc3ncnc(Nc4ccc(OCc5cccc(F)c5)nc4)c3s2)C1)N1CCOCC1,5.58
O=C(O[C@H]1CN[C@H](C#Cc2cc3ncnc(Nc4ccc5c(Oc6ccccn6)cccc5c4)c3s2)C1)N1CCOCC1,5.98
Cc1cc(Oc2ccc(Nc3ncnc4cc(C#C[C@@H]5C[C@@H](OC(=O)N6CCOCC6)CN5)sc34)cc2Cl)no1,6.4
O=C(O[C@H]1CN[C@H](C#Cc2cc3ncnc(Nc4ccc(Oc5ccnc6ccc(F)cc56)c(Cl)c4)c3s2)C1)N1CCOCC1,6.55
O=C(O[C@H]1CN[C@H](C#Cc2cc3ncnc(NCc4cccc(Oc5ccccc5)c4)c3s2)C1)N1CCOCC1,6.75
O=C(O[C@H]1CN[C@H](C#Cc2cc3ncnc(Nc4ccc(Cc5ccccc5)cc4)c3s2)C1)N1CCOCC1,6.62
O=C(O[C@H]1CN[C@H](C#Cc2cc3ncnc(Nc4ccc(Sc5ccccn5)cc4)c3s2)C1)N1CCOCC1,5.78
O=C(O[C@H]1CN[C@H](C#Cc2cc3ncnc(Nc4ccc(Sc5cccc(F)c5)c(Cl)c4)c3s2)C1)N1CCOCC1,6.2
O=C(O[C@H]1CN[C@H](C#Cc2cc3ncnc(Nc4ccc5c(cnn5Cc5ccccc5)c4)c3s2)C1)N1CCOCC1,7.1
O=C(O[C@H]1CN[C@H](C#Cc2cc3ncnc(Nc4ccc5c(cnn5Cc5cccc(F)c5)c4)c3s2)C1)N1CCOCC1,7.52
O=C(O[C@H]1CN[C@H](C#Cc2cc3ncnc(Nc4ccc5c(cnn5Cc5cc(F)ccc5F)c4)c3s2)C1)N1CCOCC1,7.48
CC(c1cccc(F)c1)n1ncc2cc(Nc3ncnc4cc(C#C[C@@H]5C[C@@H](OC(=O)N6CCOCC6)CN5)sc34)ccc21,6.92
O=C(O[C@H]1CN[C@H](C#Cc2cc3ncnc(Nc4ccc5c(cnn5S(=O)(=O)c5cccc(F)c5)c4)c3s2)C1)N1CCOCC1,6.64
O=C(O[C@H]1CN[C@H](C#Cc2cc3ncnc(Nc4ccc5c(ccn5Cc5ccccc5)c4)c3s2)C1)N1CCOCC1,7.05
O=C(O[C@H]1CN[C@H](C#Cc2cc3ncnc(Nc4ccc5c(ccn5CCc5ccccc5)c4)c3s2)C1)N1CCOCC1,5.5
O=C(O[C@H]1CN[C@H](C#Cc2cc3ncnc(Nc4ccc5c(ccn5Cc5cscn5)c4)c3s2)C1)N1CCOCC1,6.17
O=C(O[C@H]1CN[C@H](C#Cc2cc3ncnc(Nc4ccc5c(c4)c(F)cn5Cc4ccccc4)c3s2)C1)N1CCOCC1,6.62
O=C(O[C@H]1CN[C@H](C#Cc2cc3ncnc(Nc4ccc5c(ccn5S(=O)(=O)c5ccsc5)c4)c3s2)C1)N1CCOCC1,6.82
O=C(O[C@H]1CN[C@H](C#Cc2cc3ncnc(Nc4ccc(Oc5ccccn5)c(Cl)c4)c3s2)C1)N1CCOCC1,6.72
c1ccc2sc(-c3ccc(Nc4ncnc5[nH]cnc45)cc3)nc2c1,5.11
COc1nc(Nc2ccc(-c3nc4ccccc4s3)cc2)c2cc[nH]c2n1,5.11
Clc1ccc2c(Nc3ccc(-c4nc5ccccc5s4)cc3)ccnc2c1,5.28
COc1nc(Nc2ccc(-c3nc4ccccc4s3)c(OC)c2)c2cc[nH]c2n1,5.29
COc1cc2nc(Nc3cc(C)[nH]n3)nc(Nc3cccc(-c4nc5ccccc5s4)c3)c2cc1OC,5.48
COc1cc(Nc2ncnc3[nH]cnc23)ccc1-c1nc2ccccc2s1,5.58
COc1cc2ncnc(Nc3ccc(-c4nc5ccccc5s4)c(O)c3)c2cc1OC,5.66
CNC(=O)c1cc(Nc2ccc(-c3nc4ccccc4s3)cc2)ccn1,5.7
Cc1cc(Nc2ccnc(Nc3cccc(-c4nc5ccccc5s4)c3)n2)n[nH]1,5.72
c1cc(Nc2ncnc3[nH]cnc23)cc(-c2nc3ccccc3s2)c1,5.77
COc1cc2ncnc(Nc3ccc(N4Cc5ccccc5C4)cc3)c2cc1OC,5.8
COc1cc2ncnc(Nc3ccc(-c4nc5ccccc5s4)cc3)c2cc1OC,5.82
c1ccc2sc(-c3ccc(Nc4ncnc5[nH]ccc45)cc3)nc2c1,5.89
Clc1ccc2c(Nc3ccc(-c4nc5ccccc5s4)c(Cl)c3)ncnc2c1,6.1
COc1cc(Nc2ncnc3[nH]ccc23)ccc1-c1nc2ccccc2s1,6.14
O=C(NC(=S)Nc1ccc(O)c(-c2nc3ccccc3s2)c1)c1ccc([N+](=O)[O-])cc1,6.55
COc1cc2ncnc(Nc3ccc(-c4nc5ccccc5s4)cc3C)c2cc1OC,6.62
COc1cc2ncnc(Nc3ccc(-c4nc5ccccc5s4)c(OC)c3)c2cc1OC,7.2
Nc1ncnc2c1c(-c1ccc3nc(Cc4ccccc4)[nH]c3c1)nn2[C@H]1CC[C@H](N2CCOCC2)CC1,6.57
Nc1ncnc2c1c(-c1ccc3nc(Cc4cccs4)[nH]c3c1)nn2[C@H]1CC[C@H](N2CCOCC2)CC1,6.44
Nc1ncnc2c1c(-c1ccc3nc(Cc4ccccc4Cl)[nH]c3c1)nn2[C@H]1CC[C@H](N2CCOCC2)CC1,7.19
COc1ccccc1Cc1nc2ccc(-c3nn([C@H]4CC[C@H](N5CCOCC5)CC4)c4ncnc(N)c34)cc2[nH]1,7.24
COc1ccccc1Cc1nc2ccc(-c3nn([C@H]4CC[C@H](N5CCNCC5)CC4)c4ncnc(N)c34)cc2[nH]1,7.52
COc1ccccc1Cc1nc2ccc(-c3nn([C@H]4CC[C@H](N5CCN(C(C)=O)CC5)CC4)c4ncnc(N)c34)cc2[nH]1,6.89
CCOC(=O)N1CCN([C@H]2CC[C@H](n3nc(-c4ccc5nc(Cc6ccccc6OC)[nH]c5c4)c4c(N)ncnc43)CC2)CC1,7.52
COc1ccccc1Cc1nc2ccc(-c3nn([C@H]4CC[C@H](N5CCN(C(=O)N(C)C)CC5)CC4)c4ncnc(N)c34)cc2[nH]1,7.6
COCCCN1CCN([C@H]2CC[C@H](n3nc(-c4ccc5nc(Cc6ccccc6OC)[nH]c5c4)c4c(N)ncnc43)CC2)CC1,7.24
COc1ccccc1Cc1nc2ccc(-c3nn([C@H]4CC[C@H](N5CCN(CC6CC6)CC5)CC4)c4ncnc(N)c34)cc2[nH]1,8.52
Nc1ncnc2c1ncn2CC(=O)c1cccnc1,4.03
Nc1ncnc2c1ncn2CC(=O)c1ccccn1,4.05
Nc1ncnc2c1ncn2CC(=O)c1ccccc1,4.12
Nc1ncnc2ncn(CC(=O)c3c[nH]c4ccccc34)c12,4.09
Nc1ncnc2c1ncn2CC(=O)c1c[nH]c2ccccc12,4.46
CCC(C)/C=C/C(=O)C(=O)/C=C/C=C/C=C/C=C/C=C/C=C/[C@@H]1C[C@@H](O)[C@H](C(=O)O)O1,5.8
Nc1nc(Nc2cccc(Br)c2)c2cc(CCc3ccccc3)[nH]c2n1,6.52
Nc1nc(Nc2ccc(Cl)cc2)c2cc(CCc3ccccc3)[nH]c2n1,5.5
Nc1nc(Nc2ccc(Cl)cc2F)c2cc(CCc3ccccc3)[nH]c2n1,5.88
Nc1nc(Nc2ccc(F)c(Cl)c2)c2cc(CCc3ccccc3)[nH]c2n1,4.64
Nc1nc(Nc2cccc(Br)c2)c2cc(CCc3ccc4ccccc4c3)[nH]c2n1,5.33
Nc1nc(Nc2cccc(Br)c2)c2cc(CCc3cccc4ccccc34)[nH]c2n1,5.32
Nc1nc(Nc2cccc(Br)c2)c2cc(CCc3ccccc3Cl)[nH]c2n1,5.47
COc1ccc(CCc2cc3c(Nc4cccc(Br)c4)nc(N)nc3[nH]2)cc1,5.66
Nc1nc(Nc2cccc(Br)c2)c2cc(Cc3ccc4ccccc4c3)[nH]c2n1,5.91
Nc1nc(Nc2cccc(Br)c2)c2cc(Cc3ccccc3Cl)[nH]c2n1,5.37
Nc1nc(Nc2cccc(Br)c2)c2cc(Cc3ccccc3)[nH]c2n1,5.78
COc1cc2c(Oc3ccc(-c4cnc(Cc5ccccc5)n(C)c4=O)cc3F)ccnc2cc1OCCCN1CCOCC1,5.77
COc1cc2c(Oc3ccc(-c4cnc(Nc5ccc(F)cc5)n(C)c4=O)cc3F)ccnc2cc1OCCCN1CCOCC1,5.77
Cc1cc(C2CCN(CCCF)CC2)cc2[nH]c(-c3c(NCCn4cc(Cl)cn4)cc[nH]c3=O)nc12,4.68
Cc1c(C(=O)c2ccc(Cl)cc2)c2ccc(OC(F)(F)F)cc2n1Cc1cccc(O[C@H](C)C(=O)O)c1,5.65
CS(=O)(=O)CCNCc1nc(-c2ccc3ncnc(Nc4ccc(F)c(Cl)c4)c3c2)cs1,7.46
CS(=O)(=O)CCNCc1nc(-c2ccc3ncnc(Nc4ccc(OCc5ccccc5)cc4)c3c2)cs1,7.09
CS(=O)(=O)CCNCc1nc(-c2ccc3ncnc(Nc4ccc5c(cnn5Cc5ccccc5)c4)c3c2)cs1,7.15
CS(=O)(=O)CCNCc1nc(-c2ccc3ncnc(Nc4ccc(OCc5cccc(C(F)(F)F)c5)cc4)c3c2)cs1,6.27
CS(=O)(=O)CCNCc1nc(-c2ccc3ncnc(Nc4ccc(OCc5ccccc5)c(Cl)c4)c3c2)cs1,8.1
CS(=O)(=O)CCNCc1nc(-c2ccc3ncnc(Nc4ccc(OCc5cccc(F)c5)c(Cl)c4)c3c2)cs1,8.0
Nc1ncnc2nn3ccccc3c12,5.0
N#Cc1cccc(NC(=O)Nc2ncnc3nn4ccccc4c23)c1,5.0
O=C(Nc1cccc(C(F)(F)F)c1)Nc1ncnc2nn3ccccc3c12,5.0
O=C(Nc1cccc([N+](=O)[O-])c1)Nc1ncnc2nn3ccccc3c12,5.0
O=C(Nc1ccc(Br)cc1)Nc1ncnc2nn3ccccc3c12,5.0
O=C(Nc1ccc(C(F)(F)F)cc1)Nc1ncnc2nn3ccccc3c12,5.0
O=C(Nc1ccc(F)cc1)Nc1ncnc2nn3ccccc3c12,5.0
C=CC(=O)Nc1ccc2ncnc(Cc3cccc(Br)c3)c2c1,9.15
C=CC(=O)Nc1ccc2ncnc(Cc3ccc(CN(C)C)c(Br)c3)c2c1,7.35
C=CC(=O)Nc1ccc2ncnc(Cc3ccc(OCCN(C)C)c(Br)c3)c2c1,7.57
C=CC(=O)Nc1cc2c(Cc3cccc(Br)c3)ncnc2cc1OCCCN1CCC(C)CC1,8.77
C=CC(=O)Nc1cc2c(Cc3cccc(Br)c3)ncnc2cc1OCCCN1CCOCC1,8.44
C=CC(=O)Nc1cc2c(Cc3cccc(Br)c3)ncnc2cc1OCCCCN(C)C,8.41
C=CC(=O)Nc1cc2c(Cc3cccc(Br)c3)ncnc2cc1OCCCn1ccnc1,8.52
C=CC(=O)Nc1cc2c(Cc3cccc(Br)c3)ncnc2cc1SCCCN(CC)CC,9.11
C=CC(=O)Nc1ccc2ncnc(Cc3cccc(C)c3)c2c1,9.38
C=CC(=O)Nc1cc2c(Cc3cccc(C)c3)ncnc2cc1OCCCN1CCC(C)CC1,8.7
C=CC(=O)Nc1cc2c(Cc3cccc(C)c3)ncnc2cc1OCCCN1CCOCC1,8.82
C=CC(=O)Nc1ccc2ncnc(Cc3ccc(F)c(Br)c3)c2c1,9.16
C=CC(=O)Nc1cc2c(Cc3ccc(F)c(Br)c3)ncnc2cc1OCCCN1CCOCC1,8.74
C=CC(=O)Nc1ccc2ncnc(Cc3ccc(F)c(Cl)c3)c2c1,9.12
C=CC(=O)Nc1cc2c(Cc3ccc(F)c(Cl)c3)ncnc2cc1OCCCN1CCOCC1,8.82
C=CC(=O)Nc1cc2c(Cc3ccc(F)c(Cl)c3)ncnc2cc1OCCOCCCCO,8.77
C=CC(=O)Nc1ccc2ncnc(Cc3ccc(F)c(Cl)c3)c2n1,9.12
C=CC(=O)Nc1nc2c(Cc3ccc(F)c(Cl)c3)ncnc2cc1/C=C/CCN1CCOCC1,9.8
C=CC(=O)Nc1nc2c(Cc3ccc(F)c(Cl)c3)ncnc2cc1CCCCN1CCOCC1,8.57
C=CC(=O)Nc1nc2c(Cc3ccc(F)c(Cl)c3)ncnc2cc1OC,9.02
C=CC(=O)Nc1nc2c(Cc3ccc(F)c(Cl)c3)ncnc2cc1OCCOC,9.01
C=CC(=O)Nc1nc2c(Cc3ccc(F)c(Cl)c3)ncnc2cc1OCCCN1CCOCC1,8.82
C=CC(=O)N(C)c1nc2c(Cc3ccc(F)c(Cl)c3)ncnc2cc1OCCCN1CCOCC1,7.7
C=CC(=O)Nc1nc2c(Cc3ccc(F)c(Cl)c3)ncnc2cc1OCCCN1CCC(C)CC1,8.18
C=CC(=O)Cc1cc2c(Nc3cccc(Br)c3)ncnc2cn1,9.04
C=CC(=O)C(C)c1cc2c(Nc3cccc(Br)c3)ncnc2cn1,9.77
C=C(C)C(=O)Cc1cc2c(Nc3cccc(Br)c3)ncnc2cn1,8.8
C=C(C)C(=O)Cc1ccc2ncnc(Nc3cccc(Br)c3)c2c1,8.92
C/C=C/C(=O)Cc1cc2c(Nc3cccc(Br)c3)ncnc2cn1,9.3
C/C=C/C(=O)Cc1ccc2ncnc(Nc3cccc(Br)c3)c2c1,9.26
O=C(/C=C\Cl)Cc1cc2c(Nc3cccc(Br)c3)ncnc2cn1,9.16
O=C(/C=C/C(F)(F)F)Cc1ccc2ncnc(Nc3cccc(Br)c3)c2c1,8.76
C=C/C=C/C(=O)Cc1cc2c(Nc3cccc(Br)c3)ncnc2cn1,8.96
C=C=CC(=O)Cc1ccc2ncnc(Nc3cccc(Br)c3)c2c1,8.8
O=C(/C=C/c1ccccc1)Cc1cc2c(Nc3cccc(Br)c3)ncnc2cn1,8.04
CC(=O)/C=C/C(=O)Cc1ccc2ncnc(Nc3cccc(Br)c3)c2c1,8.92
O=C(O)/C=C/C(=O)Cc1ccc2ncnc(Nc3cccc(Br)c3)c2c1,9.43
CCOC(=O)/C=C/C(=O)Cc1ccc2ncnc(Nc3cccc(Br)c3)c2c1,8.57
CCOC(=O)/C=C/C(=O)Cc1cc2c(Nc3cccc(Br)c3)ncnc2cn1,8.82
C=CC(=O)C(CCN(C)C)c1cc2c(Nc3cccc(Br)c3)ncnc2cn1,8.38
C=CC(=O)C(CCCN1CCOCC1)c1cc2c(Nc3cccc(Br)c3)ncnc2cn1,8.57
C=CC(=O)C(CCCN1CCOCC1)c1ccc2ncnc(Nc3cccc(Br)c3)c2c1,8.48
CN(C)CCCOC(=O)/C=C/C(=O)Cc1ccc2ncnc(Nc3cccc(Br)c3)c2c1,8.62
CN(C)CCCNC(=O)/C=C/C(=O)Cc1ccc2ncnc(Nc3cccc(Br)c3)c2c1,9.36
CN(C)CCCNC(=O)/C=C/C(=O)Cc1cc2c(Nc3cccc(Br)c3)ncnc2cn1,8.96
CCN(CC)CCCNC(=O)/C=C/C(=O)Cc1cc2c(Nc3cccc(Br)c3)ncnc2cn1,9.14
O=C(/C=C/C(=O)NCCCN1CCOCC1)Cc1cc2c(Nc3cccc(Br)c3)ncnc2cn1,9.09
O=C(/C=C/C(=O)NCCCn1ccnc1)Cc1cc2c(Nc3cccc(Br)c3)ncnc2cn1,9.25
CC(C(=O)/C=C/C(=O)NCCCN(C)C)c1cc2c(Nc3cccc(Br)c3)ncnc2cn1,8.84
O=S(=O)(CO)Nc1cc2c(Nc3cccc(Br)c3)ncnc2cn1,7.03
C=CC(=O)Nc1ccc2c(Nc3cccc(Br)c3)ncnc2c1,9.35
C/C=C/C(=O)Nc1ccc2c(Nc3cccc(Br)c3)ncnc2c1,9.17
O=C(/C=C/CC(=O)Nc1ccc2ncnc(Nc3cccc(Br)c3)c2c1)Nc1ccc2c(Nc3cccc(Br)c3)ncnc2c1,9.35
C=CC(=O)Nc1cc2ncnc(Nc3cccc(Cl)c3)c2cn1,9.27
C=CC(=O)NC1=CC=C2N=CN=C(Nc3cccc(Cl)c3)C21,8.8
C=CC(=O)NC1=CC=C2N=CN=C(Nc3cccc(C)c3)C21,9.38
C=CC(=O)NC1=CC=C2N=CN=C(Nc3cccc(C(F)(F)F)c3)C21,9.04
C=CC(=O)NC1=CC=C2N=CN=C(Nc3ccc(Oc4ccccc4)cc3)C21,8.24
C=CC(=O)NC1=CC=C2N=CN=C(Nc3ccc(OCc4ccccc4)cc3)C21,8.44
C=CC(=O)NC1=NC=C2N=CN=C(Nc3cccc(C)c3)C21,9.32
C=CC(=O)NC1=NC=C2N=CN=C(Nc3ccc(F)c(Br)c3)C21,9.14
C=CC(=O)NC1=NC=C2N=CN=C(Nc3ccc(F)c(Cl)c3)C21,9.11
C=CC(=O)Nc1cc2ncnc(Nc3cccc(Br)c3)c2[nH]1,8.96
C=CC(=O)Nc1cc2ncnc(Nc3ccc(F)c(Br)c3)c2[nH]1,8.92
O=C(CCn1ncc2cc3c(Nc4cccc(Br)c4)ncnc3cc21)N1CCOCC1,8.43
Brc1cccc(Nc2ncnc3cc4c(cc23)CN4)c1,9.36
CN1Cc2cc3c(Nc4cccc(Br)c4)ncnc3cc21,9.1
OCC(O)CN1Cc2cc3c(Nc4cccc(Br)c4)ncnc3cc21,8.8
CN(C)CCN1Cc2cc3c(Nc4cccc(Br)c4)ncnc3cc21,7.39
CN(C)CCCN1Cc2cc3c(Nc4cccc(Br)c4)ncnc3cc21,7.68
O=C(CCN1Cc2cc3c(Nc4cccc(Br)c4)ncnc3cc21)N1CCOCC1,8.43
O=C(CCCN1Cc2cc3c(Nc4cccc(Br)c4)ncnc3cc21)N1CCOCC1,8.06
O=C(O)CN1Cc2cc3c(Nc4cccc(Br)c4)ncnc3cc21,8.29
O=C(Cc1c[nH]c2cc3ncnc(Nc4cccc(Br)c4)c3cc12)N1CCOCC1,8.32
COC[C@H]1Oc2cc3ncnc(Nc4cccc(Cl)c4)c3cc2O[C@@H]1COC,8.0
COC[C@H]1Oc2cc3ncnc(Nc4cccc(I)c4)c3cc2O[C@@H]1COC,8.78
CN(N)C/C=C/C(=O)Nc1cc2c(Nc3cccc(Br)c3)ccnc2cn1,8.07
COc1cc2ncnc(Nc3ccc(F)c(Cl)c3)c2cc1CN1CC[C@@H](C(N)=O)C1,8.22
COc1cc2ncnc(Nc3ccc(F)c(Cl)c3)c2cc1CNC(=O)[C@H]1CCCCN1C,8.1
COc1cc2ncnc(Nc3ccc(F)c(Cl)c3)c2cc1CN(C)[C@H](C)C(N)=O,8.05
COc1cc2ncnc(Nc3ccc(F)c(Cl)c3)c2cc1CN(C)[C@@H](C)C(N)=O,8.1
CCOc1cc2nccc(Nc3cccc(Br)c3)c2cc1NC(=O)/C=C/CN1CCOCC1,4.99
COc1cc(NC(=O)/C=C/CN2CCOCC2)cc2c(Nc3cccc(Br)c3)ccnc12,5.27
COc1cc2nccc(Nc3ccc(F)c(Cl)c3)c2cc1NC(=O)/C=C/CN1CCOCC1,4.87
COc1cc2nccc(Nc3ccc(F)c(Cl)c3)c2cc1NC(=O)/C=C/C(C)N(C)C,5.28
COc1cc2nccc(Nc3ccc(F)c(Cl)c3)c2cc1NC(=O)/C=C/C(C)N1CCOCC1,4.97
C/C=C/C(=O)Nc1cc2c(Nc3ccc(F)c(Cl)c3)ccnc2cc1CC,5.12
FC(F)(F)c1ccc(-n2cnnc2SCc2nc(COc3c(Cl)cccc3Cl)no2)cc1,5.2
COc1cc2ncnc(Nc3cccc(C)c3)c2cc1OC,8.34
CCOC(=O)c1ccc(N2CCOCC2)c(NS(=O)(=O)c2cc(Br)c(Cl)s2)c1,4.96
NC[C@H](Cc1cccc(F)c1)NC(=O)c1cc(Br)c(-c2ccnc3[nH]ccc23)s1,5.0
Fc1ccc(Nc2ncnc3nc(Nc4ccc(CN5CCCC5)cc4)sc23)cc1Cl,8.4
CCc1nccn1Cc1ccc(Nc2nc3ncnc(Nc4ccc(F)c(Cl)c4)c3s2)cc1,8.22
NS(=O)(=O)c1ccc(Nc2nc3ncnc(Nc4cccc(Cl)c4)c3s2)cc1,8.15
NS(=O)(=O)c1ccc(Nc2nc3ncnc(Nc4ccc(F)c(Cl)c4)c3s2)cc1,8.05
CN1CCN(Cc2ccc(Nc3nc4ncnc(Nc5ccc(OCc6cccc(F)c6)c(Cl)c5)c4s3)cc2)CC1,8.05
NS(=O)(=O)c1ccc(Nc2nc3ncnc(Nc4cccc(Br)c4)c3s2)cc1,8.0
Fc1ccc(Nc2ncnc3nc(Nc4ccc(CN5CCCCC5)cc4)sc23)cc1Cl,8.0
OC[C@@H]1CCCN1Cc1ccc(Nc2nc3ncnc(Nc4ccc(F)c(Cl)c4)c3s2)cc1,7.96
CN(C)Cc1ccc(Nc2nc3ncnc(Nc4ccc(F)c(Cl)c4)c3s2)cc1,7.92
Fc1ccc(Nc2ncnc3nc(Nc4ccc(CN5CCOCC5)cc4)sc23)cc1Cl,7.92
CN(C)CCc1ccc(Nc2nc3ncnc(Nc4ccc(F)c(Cl)c4)c3s2)cc1,7.89
Cc1cccc(Nc2ncnc3nc(Nc4ccc(S(N)(=O)=O)cc4)sc23)c1,7.85
Fc1ccc(Nc2ncnc3nc(Nc4ccc(CCN5CCOCC5)cc4)sc23)cc1Cl,7.82
COCCN(CCOC)S(=O)(=O)c1ccc(Nc2nc3ncnc(Nc4ccc(F)c(Cl)c4)c3s2)cc1,7.6
Clc1cccc(Nc2ncnc3nc(Nc4ccccc4)sc23)c1,7.57
C#Cc1cccc(Nc2ncnc3nc(Nc4ccc(CN5CCOCC5)cc4)sc23)c1,7.37
Fc1ccc(Nc2ncnc3nc(Nc4ccccc4)sc23)cc1Cl,7.23
NS(=O)(=O)c1ccc(Nc2nc3ncnc(Nc4ccccc4)c3s2)cc1,7.09
NS(=O)(=O)c1ccc(Nc2nc3ncnc(Nc4c(F)cccc4F)c3s2)cc1,6.73
Fc1ccc(Nc2ncnc3nc(NCCN4CCOCC4)sc23)cc1Cl,6.04
NS(=O)(=O)c1ccc(Nc2nc3ncnc(Nc4ccc(N5CCOCC5)c(Cl)c4)c3s2)cc1,5.48
NS(=O)(=O)c1ccc(Nc2nc3ncnc(Nc4ccc(N5CCOCC5)cc4)c3s2)cc1,4.75
COCCOc1cc2ncnc(Nc3c(Cl)ccc4c3OCO4)c2cc1NC(=O)[C@@H]1CCCN1,5.15
Cc1nc(Nc2ncc(C(=O)Nc3c(C)cccc3Cl)s2)cc(N2CCN(CCO)CC2)n1.O,5.54
COc1cc(C2=C(c3c[nH]c4ccccc34)C(=O)NC2=O)cc(OC)c1OC,4.8
COc1cc(C2=C(c3cn(COCc4ccccc4)c4ccccc34)CNC2=O)cc(OC)c1OC,4.85
COc1cc(C2=C(c3cn(COC(C)(C)C)c4ccccc34)CNC2=O)cc(OC)c1OC,5.05
COc1cc(C2=C(c3cn(COCC[Si](C)(C)C)c4ccccc34)CNC2=O)cc(OC)c1OC,4.66
COc1cc(C2=C(c3c[nH]c4ccccc34)CNC2=O)cc(OC)c1OC,4.64
CCN1CCN(CC/C=C/c2ccc3c(Nc4ccc(Sc5nccn5C)c(Cl)c4)c(C#N)cnc3c2)CC1,8.0
CCc1cc(Nc2nccc(-c3c(-c4cccc(C(=O)Nc5c(F)cccc5F)c4)nc4ccccn34)n2)c(OC)cc1N1CCC(N2CCN(S(C)(=O)=O)CC2)CC1,7.66
COc1cc(N2CCC(N3CCN(S(C)(=O)=O)CC3)CC2)ccc1Nc1nccc(-c2c(-c3cccc(C(=O)Nc4c(F)cccc4F)c3)nc3ccccn23)n1,7.24
Cc1[nH]c(/C=C2\C(=O)Nc3ccc(C(=O)NNc4ccccc4)cc32)c(C)c1CCC(=O)O,5.46
Fc1cccc(COc2ccc(Nc3ncnc4cc(-c5ccco5)sc34)cc2Cl)c1,8.0
CN(C)Cc1ccc(-c2cc3ncnc(Nc4ccc(OCc5cccc(F)c5)c(Cl)c4)c3s2)o1,8.7
CN1CCN(Cc2ccc(-c3cc4ncnc(Nc5ccc(OCc6cccc(F)c6)c(Cl)c5)c4s3)o2)CC1,8.3
OCc1ccc(-c2cc3ncnc(Nc4ccc(OCc5cccc(F)c5)c(Cl)c4)c3s2)o1,8.52
N#CCNCc1ccc(-c2cc3ncnc(Nc4ccc(OCc5cccc(F)c5)c(Cl)c4)c3s2)o1,8.52
CS(=O)(=O)CCNCc1ccc(-c2cc3ncnc(Nc4ccc(OCc5cccc(F)c5)c(Cl)c4)c3s2)o1,9.0
CS(=O)(=O)CCNCc1cc(-c2cc3ncnc(Nc4ccc(OCc5cccc(F)c5)c(Cl)c4)c3s2)co1,8.4
Fc1cccc(COc2ccc(Nc3ncnc4cc(-c5cccs5)sc34)cc2Cl)c1,8.1
CS(=O)(=O)CCNCc1cc(-c2cc3ncnc(Nc4ccc(OCc5cccc(F)c5)c(Cl)c4)c3s2)cs1,8.52
Fc1cccc(COc2ccc(Nc3ncnc4cc(-c5ccc[nH]5)sc34)cc2Cl)c1,7.17
CN(C)Cc1ccc(-c2cc3ncnc(Nc4ccc(OCc5cccc(F)c5)c(Cl)c4)c3s2)[nH]1,8.4
CCNCc1ccc(-c2cc3ncnc(Nc4ccc(OCc5cccc(F)c5)c(Cl)c4)c3s2)[nH]1,8.22
CS(=O)(=O)CCNCc1ccc(-c2cc3ncnc(Nc4ccc(OCc5cccc(F)c5)c(Cl)c4)c3s2)[nH]1,8.15
Fc1cccc(COc2ccc(Nc3ncnc4sc(-c5ccco5)cc34)cc2Cl)c1,7.82
Fc1cccc(COc2ccc(Nc3ncnc4sc(-c5ccc(CNCc6ccccc6)o5)cc34)cc2Cl)c1,7.27
CS(=O)(=O)CCNCc1ccc(-c2cc3c(Nc4ccc(OCc5cccc(F)c5)c(Cl)c4)ncnc3s2)o1,7.92
Fc1cccc(COc2ccc(Nc3ncnc4sc(-c5cccs5)cc34)cc2Cl)c1,8.05
CS(=O)(=O)CCNCc1ccc(-c2cc3c(Nc4ccc(OCc5cccc(F)c5)c(Cl)c4)ncnc3s2)s1,7.02
CS(=O)(=O)CCNCc1cc(-c2cc3c(Nc4ccc(OCc5cccc(F)c5)c(Cl)c4)ncnc3s2)cs1,6.52
Fc1cccc(COc2ccc(Nc3ncnc4sc(-c5ccc[nH]5)cc34)cc2Cl)c1,6.94
CN(C)Cc1ccc(-c2cc3c(Nc4ccc(OCc5cccc(F)c5)c(Cl)c4)ncnc3s2)[nH]1,7.17
CCNCc1ccc(-c2cc3c(Nc4ccc(OCc5cccc(F)c5)c(Cl)c4)ncnc3s2)[nH]1,6.92
CS(=O)(=O)CCNCc1ccc(-c2cc3c(Nc4ccc(OCc5cccc(F)c5)c(Cl)c4)ncnc3s2)[nH]1,6.86
COc1cc2ncnc(-c3c[nH]c4ccc(Br)cc34)c2cc1OC,6.88
COc1cc2ncnc(-c3c[nH]c4cc(F)c(Cl)cc34)c2cc1OCCCN1CCOCC1,6.48
COCCOc1cc2ncnc(-c3c[nH]c4cc(F)c(Cl)cc34)c2cc1OCCOC,6.33
COc1cc2ncnc(-c3c[nH]c4cc(F)c(C)cc34)c2cc1OC,6.27
COc1cc2ncnc(-c3c[nH]c4cc(F)c(Cl)cc34)c2cc1OC,6.68
COc1c(NC(=O)Nc2ccc(-c3ccc(CN4CCOCC4)nc3)c3ccccc23)cc(C(C)(C)C)cc1NS(C)(=O)=O,5.27
COc1c(O)cc2occ(-c3ccc(O)cc3)c(=O)c2c1O,5.48
Oc1cc2c(cc1O)[C@@H]1c3ccc(O)c(O)c3OC[C@]1(O)C2,5.47
CO/N=C/c1c(N)ncnc1Nc1ccc2c(cnn2Cc2cccc(F)c2)c1,8.1
COc1ccc(/N=C/c2c(N)ncnc2Nc2ccc3c(cnn3Cc3cccc(F)c3)c2)cc1,7.31
Nc1ncnc(Nc2ccc3c(cnn3Cc3cccc(F)c3)c2)c1/C=N/NCC(F)(F)F,7.28
CN/N=C/c1c(N)ncnc1Nc1ccc2c(cnn2Cc2cccc(F)c2)c1,7.92
COC[C@H]1CCCN1/N=C/c1c(N)ncnc1Nc1ccc2c(cnn2Cc2cccc(F)c2)c1,7.51
COC[C@@H]1CCCN1/N=C/c1c(N)ncnc1Nc1ccc2c(cnn2Cc2cccc(F)c2)c1,7.58
Nc1ncnc(Nc2ccc3c(cnn3Cc3cccc(F)c3)c2)c1/C=N/N1CCN(CCO)CC1,8.05
CN1CCN(/N=C/c2c(N)ncnc2Nc2ccc3c(cnn3Cc3cccc(F)c3)c2)CC1,7.8
Nc1ncnc(Nc2ccc3c(cnn3Cc3cccc(F)c3)c2)c1/C=N/N1CCCCC1,7.52
Nc1ncnc(Nc2ccc3c(cnn3Cc3cccc(F)c3)c2)c1/C=N/N1CCOCC1,7.8
CN(C)/N=C/c1c(N)ncnc1Nc1ccc2c(cnn2Cc2cccc(F)c2)c1,8.1
N=C(Nc1ccccc1)SCCCN1C(=O)C2=C(C1=O)n1ccc3cccc(c31)C1Cc3ccccc3N21,5.02
N=C(N)SCCCn1c(=O)c2c(c1=O)n1c3ccccc3cc1c1cccc3ccn2c31,5.34
CNC(=N)SCCCn1c(=O)c2c(c1=O)n1c3ccccc3cc1c1cccc3ccn2c31,5.0
CN(C)CCOc1ccc(/C=C/c2cc(-c3cc4c(=O)[nH]cnc4[nH]3)ccn2)cc1,5.48
N#Cc1cnc2c(Cl)cc(NCc3c[nH]nn3)cc2c1Nc1ccc(F)c(Cl)c1,6.0
CCCN1CCC(n2cc(CNc3cc(Cl)c4ncc(C#N)c(Nc5ccc(F)c(Cl)c5)c4c3)nn2)CC1,4.52
N#Cc1cnc2c(Cl)cc(NCc3cn(C4CCN(C5CCC5)CC4)nn3)cc2c1Nc1ccc(F)c(Cl)c1,4.66
CC(C)N1CCC(n2cc(CNc3cc(Cl)c4ncc(C#N)c(Nc5ccc(F)c(Cl)c5)c4c3)nn2)CC1,4.66
CCN1CCC(n2cc(CNc3cc(Cl)c4ncc(C#N)c(Nc5ccc(F)c(Cl)c5)c4c3)nn2)CC1,4.96
N#Cc1cnc2c(Br)cc(NCc3c[nH]nn3)cc2c1Nc1ccc(F)c(Cl)c1,6.0
O=c1c(O)c(-c2ccc(O)c(O)c2)oc2cc(O)cc(O)c12,6.05
CNC(=O)c1nn(C)c2c1C(C)(C)Cc1cnc(Nc3ccc(N4CCN(C)CC4)cc3)nc1-2,5.51
O=C1NC(=O)N(CCc2ccccc2)/C1=C/c1ccc(O)cc1,4.72
Cn1c(=O)c(-c2c(Cl)cccc2Cl)cc2cnc(Nc3ccc(F)cc3)nc21,6.42
Cc1cc(Nc2ncc3cc(-c4c(Cl)cccc4Cl)c(=O)n(C)c3n2)ccc1F,6.41
CCC1=C2C(Nc3ccc4c(cnn4Cc4ccccc4)c3)=NC=NC2N=C1NC(=O)OCCN1CCNCC1,7.68
CCC1=C2C(Nc3ccc4c(cnn4Cc4ccccc4)c3)=NC=NC2N=C1NC(=O)O[C@H]1CC[C@H](N)CC1,7.64
CCC1=C2C(Nc3ccc4c(cnn4Cc4cccc(F)c4)c3)=NC=NC2N=C1NC(=O)OC[C@@H]1COCCN1,7.64
CCC1=C2C(Nc3ccc4c(cnn4Cc4ccccc4)c3)=NC=NC2N=C1NC(=O)OCC1CCNCC1,7.52
Cc1c(NC(=O)OC[C@@H]2COCCN2)cn2ncnc(Nc3ccc4c(cnn4Cc4cccc(F)c4)c3)c12,7.5
CCC1=C2C(Nc3ccc4c(cnn4Cc4ccccc4)c3)=NC=NC2N=C1NC(=O)OC[C@@H]1COCCN1,7.48
CCC1=C2C(Nc3ccc4c(cnn4Cc4ccccc4)c3)=NC=NC2N=C1NC(=O)OCCN1CCCCC1,7.42
CCC1=C2C(Nc3ccc4c(cnn4Cc4ccccc4)c3)=NC=NC2N=C1NC(=O)OCC1CCCNC1,7.42
CCC1=C2C(Nc3ccc4c(cnn4Cc4ccccc4)c3)=NC=NC2N=C1NC(=O)OCCn1ccnc1,7.4
CCC1=C2C(Nc3ccc4c(cnn4Cc4ccccc4)c3)=NC=NC2N=C1NC(=O)OCCC1CCNCC1,7.36
CCC1=C2C(Nc3ccc4c(cnn4Cc4ccccc4)c3)=NC=NC2N=C1NC(=O)OCC1CCCCN1,7.35
CCC1=C2C(Nc3ccc4c(cnn4Cc4ccccc4)c3)=NC=NC2N=C1NC(=O)OCCN1CCOCC1,6.96
CCC1=C2C(Nc3ccc4c(cnn4Cc4ccccc4)c3)=NC=NC2N=C1NC(=O)O[C@H]1CC[C@@](C)(N)CC1,7.72
C=CC(=O)N1CCC[C@H]1C(=O)Nc1cc2c(Nc3cccc(Cl)c3F)ncnc2cc1OCCOC,7.89
C=CC(=O)N1CCC[C@H]1C(=O)Nc1cc2c(Nc3ccc(F)c(Cl)c3F)ncnc2cc1OCCOC,8.05
CC(=O)OCN(C)/N=N/c1ccc2ncnc(Nc3cccc(Cl)c3)c2c1,6.62
C=COC(=O)N(CCN(C)C)/N=N/c1ccc2ncnc(Nc3cccc(Cl)c3)c2c1,6.75
C=COC(=O)N(C)/N=N/c1ccc2ncnc(Nc3cccc(Cl)c3)c2c1,6.14
CN(/N=N/c1ccc2ncnc(Nc3cccc(Cl)c3)c2c1)C(=O)OCCCl,6.3
CC(=O)OCOC(=O)N(C)/N=N/c1ccc2ncnc(Nc3cccc(Cl)c3)c2c1,6.2
CN(/N=N/c1ccc2ncnc(Nc3cccc(Cl)c3)c2c1)C(=O)OCCl,6.41
CN(/N=N/c1ccc2ncnc(Nc3cccc(Cl)c3)c2c1)C(=O)Oc1ccc([N+](=O)[O-])cc1,6.11
CCCC(Cc1coc2nc(N)nc(N)c12)c1ccccc1OC,5.66
COc1ccccc1C(Cc1coc2nc(N)nc(N)c12)C(C)C,4.74
CCCCC(Cc1coc2nc(N)nc(N)c12)c1ccccc1OC,4.87
COc1ccccc1C(Cc1coc2nc(N)nc(N)c12)C1CC1,4.25
COc1cc2ncnc(Nc3ccc(-c4nc5ccccc5s4)cc3O)c2cc1OC,5.66
COc1cc(-c2nc3ccccc3s2)ccc1Nc1ncnc2cc(OC)c(OC)cc12,7.2
COc1cc2c(Nc3ccc(-c4nc5ccccc5s4)cc3)ncnc2cc1OCCCN1CCN(C)CC1,7.34
COc1cc2c(Nc3ccc(-c4nc5ccccc5s4)cc3C)ncnc2cc1OCCCN1CCN(C)CC1,6.6
COc1cc2c(Nc3ccc(-c4nc5ccccc5s4)cc3O)ncnc2cc1OCCCN1CCN(C)CC1,6.46
COc1cc2c(Nc3ccc(-c4nc5ccccc5s4)cc3F)ncnc2cc1OCCCN1CCN(C)CC1,6.09
COc1cc2c(Nc3ccc(-c4nc5ccccc5s4)c(C)c3)ncnc2cc1OCCCN1CCN(C)CC1,7.5
COc1cc2c(Nc3ccc(-c4nc5ccccc5s4)c(O)c3)ncnc2cc1OCCCN1CCN(C)CC1,6.96
COc1cc2c(Nc3ccc(-c4nc5ccccc5s4)c(OC)c3)ncnc2cc1OCCCN1CCN(C)CC1,8.7
COc1cc2c(Nc3ccc(-c4nc5ccccc5s4)c(F)c3)ncnc2cc1OCCCN1CCN(C)CC1,6.37
COc1cc2c(Nc3ccc(-c4nc5ccccc5s4)c(Cl)c3)ncnc2cc1OCCCN1CCN(C)CC1,7.8
COc1ccc2nc(-c3ccc(Nc4ncnc5cc(OCCCN6CCN(C)CC6)c(OC)cc45)cc3)sc2c1,6.7
COc1cc2c(Nc3ccc(-c4nc5ccc(F)cc5s4)cc3)ncnc2cc1OCCCN1CCN(C)CC1,6.14
COc1cc2c(Nc3ccc(-c4nc5ccc(Cl)cc5s4)cc3)ncnc2cc1OCCCN1CCN(C)CC1,6.58
COc1cc2c(Nc3ccc(-c4nc5ccc(Cl)cc5s4)cc3F)ncnc2cc1OCCCN1CCN(C)CC1,5.21
COc1cc2c(N(C)c3ccc(-c4nc5ccccc5s4)c(OC)c3)ncnc2cc1OCCCN1CCN(C)CC1,5.85
COc1cc2ncnc(Nc3ccc(-c4nc5ccccc5s4)cc3)c2cc1OCCCN1CCN(C)CC1,6.17
COc1cc2ncnc(Nc3ccc(-c4nc5ccccc5s4)cc3C)c2cc1OCCCN1CCN(C)CC1,5.85
COc1cc2ncnc(Nc3ccc(-c4nc5ccccc5s4)cc3O)c2cc1OCCCN1CCN(C)CC1,6.64
COc1cc2ncnc(Nc3ccc(-c4nc5ccccc5s4)cc3F)c2cc1OCCCN1CCN(C)CC1,5.35
COc1cc2ncnc(Nc3ccc(-c4nc5ccccc5s4)c(O)c3)c2cc1OCCCN1CCN(C)CC1,5.48
COc1cc2ncnc(Nc3ccc(-c4nc5ccccc5s4)c(OC)c3)c2cc1OCCCN1CCN(C)CC1,7.82
COc1cc2ncnc(Nc3ccc(-c4nc5ccccc5s4)c(F)c3)c2cc1OCCCN1CCN(C)CC1,5.64
COc1cc2ncnc(Nc3ccc(-c4nc5ccccc5s4)c(Cl)c3)c2cc1OCCCN1CCN(C)CC1,7.36
NCCn1cc(-c2cc(-c3cc4ccccc4s3)c3[nH]ncc3c2)c2nc(N)ncc21,6.03
COc1cc(C2=C(c3c[nH]c4ccc(I)cc34)C(=O)NC2=O)cc(OC)c1OC,5.77
COc1cc(C2=C(c3c[nH]c4ccc(Br)cc34)C(=O)NC2=O)cc(OC)c1OC,5.24
CCCCCCOC(=O)COc1cc(O)c2c(=O)cc(-c3ccccc3)oc2c1,5.04
CCCCCCCOC(=O)COc1cc(O)c2c(=O)cc(-c3ccccc3)oc2c1,5.14
CCCCCCCCOC(=O)COc1cc(O)c2c(=O)cc(-c3ccccc3)oc2c1,5.23
CCCCCCCCCOC(=O)COc1cc(O)c2c(=O)cc(-c3ccccc3)oc2c1,5.3
CCCCCCCCCCOC(=O)COc1cc(O)c2c(=O)cc(-c3ccccc3)oc2c1,5.51
CCCCCCCCCCCCOC(=O)COc1cc(O)c2c(=O)cc(-c3ccccc3)oc2c1,5.76
CCCCCCCCCCCCCCOC(=O)COc1cc(O)c2c(=O)cc(-c3ccccc3)oc2c1,6.0
CCCCCCCCCCCCCCCCOC(=O)COc1cc(O)c2c(=O)cc(-c3ccccc3)oc2c1,7.32
CCCCCCCCCCCCCCCCCCOC(=O)COc1cc(O)c2c(=O)cc(-c3ccccc3)oc2c1,6.16
CCCCCCCCCCCCCCCCCCCCOC(=O)COc1cc(O)c2c(=O)cc(-c3ccccc3)oc2c1,5.8
CCCCCCNC(=O)COc1cc(O)c2c(=O)cc(-c3ccccc3)oc2c1,5.06
CCCCCCCNC(=O)COc1cc(O)c2c(=O)cc(-c3ccccc3)oc2c1,5.2
CCCCCCCCNC(=O)COc1cc(O)c2c(=O)cc(-c3ccccc3)oc2c1,5.27
CCCCCCCCCNC(=O)COc1cc(O)c2c(=O)cc(-c3ccccc3)oc2c1,5.45
CCCCCCCCCCNC(=O)COc1cc(O)c2c(=O)cc(-c3ccccc3)oc2c1,5.67
CCCCCCCCCCCCNC(=O)COc1cc(O)c2c(=O)cc(-c3ccccc3)oc2c1,5.9
CCCCCCCCCCCCCCNC(=O)COc1cc(O)c2c(=O)cc(-c3ccccc3)oc2c1,6.5
CCCCCCCCCCCCCCCCNC(=O)COc1cc(O)c2c(=O)cc(-c3ccccc3)oc2c1,7.46
CCCCCCCCCCCCCCCCCCNC(=O)COc1cc(O)c2c(=O)cc(-c3ccccc3)oc2c1,6.33
CCCCCCCCCCCCCCCCCCCCNC(=O)COc1cc(O)c2c(=O)cc(-c3ccccc3)oc2c1,5.87
CC(C)c1ccc(NC(=O)c2ccc(N(CCCl)CCCl)cc2)cc1,6.12
COc1ccc(NC(=O)c2ccc(N(CCCl)CCCl)cc2)cc1,7.1
Cc1ccc(NC(=O)c2ccc(N(CCCl)CCCl)cc2)cc1,6.24
O=C(Nc1ccccc1F)c1ccc(N(CCCl)CCCl)cc1,4.94
O=C(Nc1ccccc1Cl)c1ccc(N(CCCl)CCCl)cc1,5.02
O=C(Nc1ccccc1Br)c1ccc(N(CCCl)CCCl)cc1,5.11
O=C(Nc1ccc(F)cc1)c1ccc(N(CCCl)CCCl)cc1,5.76
O=C(Nc1ccc(Cl)cc1)c1ccc(N(CCCl)CCCl)cc1,5.83
O=C(Nc1ccc(Br)cc1)c1ccc(N(CCCl)CCCl)cc1,6.03
O=C(Nc1ccc([N+](=O)[O-])cc1)c1ccc(N(CCCl)CCCl)cc1,4.71
CCCN(CCC)C(=O)c1ccc(N(CCCl)CCCl)cc1,4.53
CCCCN(CCCC)C(=O)c1ccc(N(CCCl)CCCl)cc1,4.51
CN(C(=O)c1ccc(N(CCCl)CCCl)cc1)c1ccccc1,4.83
CCCCNC(=O)c1ccc(N(CCCl)CCCl)cc1,4.64
CC(C)(C)NC(=O)c1ccc(N(CCCl)CCCl)cc1,4.5
O=C(NC1CCCC1)c1ccc(N(CCCl)CCCl)cc1,4.45
O=C(NCc1ccccc1)c1ccc(N(CCCl)CCCl)cc1,4.76
O=C(Nc1cccc2ccccc12)c1ccc(N(CCCl)CCCl)cc1,7.05
COc1cc2ncnc(Nc3ccc(F)c(Cl)c3)c2cc1OCCC(=O)NO,8.15
COc1cc2ncnc(Nc3ccc(F)c(Cl)c3)c2cc1OCCCC(=O)NO,8.11
COc1cc2ncnc(Nc3ccc(F)c(Cl)c3)c2cc1OCCCCC(=O)NO,8.03
C#Cc1cccc(Nc2ncnc3cc(OC)c(OCCCCC(=O)NO)cc23)c1,7.82
COc1cc2ncnc(Nc3ccc(F)c(Cl)c3)c2cc1OCCCCCC(=O)NO,8.47
C#Cc1cccc(Nc2ncnc3cc(OC)c(OCCCCCC(=O)NO)cc23)c1,8.34
COc1cc2ncnc(Nc3ccc(F)c(Cl)c3)c2cc1OCCCCCCC(=O)NO,8.51
C#Cc1cccc(Nc2ncnc3cc(OC)c(OCCCCCCC(=O)NO)cc23)c1,8.62
C#Cc1cc(Nc2ncnc3cc(OC)c(OCCCCCCC(=O)NO)cc23)ccc1F,7.54
COc1cc2ncnc(Nc3ccc(OCc4cccc(F)c4)c(Cl)c3)c2cc1OCCCCCCC(=O)NO,8.04
O=C(CCCCCCOc1ccc2ncnc(Nc3ccc(F)c(Cl)c3)c2c1)NO,7.08
COCCOc1cc2ncnc(Nc3ccc(F)c(Cl)c3)c2cc1OCCCCCCC(=O)NO,7.98
COc1cc2ncnc(Nc3ccc(F)c(Cl)c3)c2cc1NC(=O)CCCCCCC(=O)NO,8.68
COc1cc2ncnc(Nc3ccc(F)c(Cl)c3)c2cc1SCCCCCCC(=O)NO,8.7
COc1cc2ncnc(Nc3ccc(F)c(Cl)c3)c2cc1S(=O)(=O)CCCCCCC(=O)NO,7.81
COc1cc2ncnc(NCc3ccc(Cl)c(F)c3)c2cc1OCCCCCCC(=O)NO,7.14
COc1cc2ncnc(NCc3ccccc3)c2cc1OCCCCCCC(=O)NO,7.0
COc1cc2ncnc(NCc3ccc(F)cc3)c2cc1OCCCCCCC(=O)NO,6.57
COc1cc2ncnc(N[C@@H](C)c3ccccc3)c2cc1OCCCCCCC(=O)NO,5.29
COc1cc2ncnc(N[C@H](C)c3ccccc3)c2cc1OCCCCCCC(=O)NO,7.89
COc1cc2ncnc(N[C@@H](C)c3ccc(F)cc3)c2cc1OCCCCCCC(=O)NO,6.9
COc1cc2ncnc(N[C@@H](C)c3ccc(Cl)cc3)c2cc1OCCCCCCC(=O)NO,6.21
COc1cc2c(Nc3ccc(F)c(Cl)c3)ncnc2cc1OCCCCCCC(=O)NO,8.15
C#Cc1cccc(Nc2ncnc3cc(OCCCCCCC(=O)NO)c(OC)cc23)c1,8.09
COc1cc(/C=C2\SC(=N)NC2=O)ccc1OCCCOc1cc(C)cc(C)c1,4.25
COc1cc(-c2nc(=O)c3c([nH]2)sc2ccc(C)cc23)ccc1OCC(=O)O,5.62
CN(CCN/N=N/c1ccc2ncnc(Nc3cccc(Cl)c3)c2c1)CCNS(=O)(=O)c1cccc2c(N(C)C)cccc12,6.22
CN(C)c1cccc2c(S(=O)(=O)NCCN/N=N/c3ccc4ncnc(Nc5cccc(Cl)c5)c4c3)cccc12,5.85
CC(C)c1nsc(C(=O)Nc2ccc3ncnc(Nc4cccc(Br)c4)c3c2)n1,6.89
O=C(COc1c(F)c(F)c(F)c(F)c1F)Nc1ccc2ncnc(Nc3cccc(Br)c3)c2c1,7.63
O=C(COc1ccccc1)Nc1ccc2ncnc(Nc3cccc(Br)c3)c2c1,8.03
O=C(COc1ccc(F)cc1)Nc1ccc2ncnc(Nc3cccc(Br)c3)c2c1,8.07
O=C(Nc1ccc2ncnc(Nc3cccc(Br)c3)c2c1)[C@@H]1O[C@H]1CN1CCCCC1,8.91
O=C(Cn1sc2ccccc2c1=O)Nc1ccc2ncnc(Nc3cccc(Br)c3)c2c1,9.07
O=C(O)[C@@H]1O[C@H]1C(=O)Nc1ccc2ncnc(Nc3cccc(Br)c3)c2c1,9.3
O=C(O)[C@H]1O[C@@H]1C(=O)Nc1ccc2ncnc(Nc3cccc(Br)c3)c2c1,9.31
O=C(CNC(=O)Oc1ccccc1)Nc1ccc2ncnc(Nc3cccc(Br)c3)c2c1,9.43
O=C(Cn1sccc1=O)Nc1ccc2ncnc(Nc3cccc(Br)c3)c2c1,9.44
N#CCC(=O)Nc1ccc2ncnc(Nc3cccc(Br)c3)c2c1,9.77
CCC(=O)Nc1ccc2ncnc(Nc3cccc(Br)c3)c2c1,8.58
CCCCCCOc1cc2c(Nc3ccc(F)c(Cl)c3)ncnc2cc1OC,6.97
C=CCCCCOc1cc2c(Nc3ccc(F)c(Cl)c3)ncnc2cc1OC,7.49
C=C=CCCCCCOc1cc2c(Nc3ccc(F)c(Cl)c3)ncnc2cc1O,8.35
C#CCCCCCOc1cc2c(Nc3ccc(F)c(Cl)c3)ncnc2cc1OC,7.49
C=C=CCCCCOc1cc2c(Nc3ccc(F)c(Cl)c3)ncnc2cc1O,7.18
C#CCCCCOc1cc2c(Nc3ccc(F)c(Cl)c3)ncnc2cc1OC,7.06
C=C=CCCCOc1cc2c(Nc3ccc(F)c(Cl)c3)ncnc2cc1O,8.5
C#CCCCOc1cc2c(Nc3ccc(F)c(Cl)c3)ncnc2cc1OC,8.6
C=C=CCCCOc1cc2c(Nc3cccc(Cl)c3)ncnc2cc1O,7.54
C#CCCCOc1cc2c(Nc3cccc(Cl)c3)ncnc2cc1OC,7.75
C=C=CCOc1cc2c(Nc3ccc(F)c(Cl)c3)ncnc2cc1O,7.62
C#CCOc1cc2c(Nc3ccc(F)c(Cl)c3)ncnc2cc1OC,7.83
C=C=CCOc1cc2c(Nc3cccc(Cl)c3)ncnc2cc1O,7.77
C#CCOc1cc2c(Nc3cccc(Cl)c3)ncnc2cc1OC,7.59
O=C1CSC(N/N=C/c2cc(Br)ccc2O)=N1,7.05
O=C1CSC(N/N=C/c2cc(Cl)ccc2O)=N1,6.25
O=C1CSC(N/N=C/c2cc(F)ccc2O)=N1,6.01
O=C1CSC(N/N=C/c2cc(Br)cc(Br)c2O)=N1,5.91
O=C1CSC(N/N=C/c2cc(Cl)cc(Cl)c2O)=N1,5.84
O=C1CSC(N/N=C/c2ccc(Br)cc2)=N1,5.76
O=C1CSC(N/N=C/c2ccc(Cl)cc2)=N1,5.71
O=C1CSC(N/N=C/c2ccc(F)cc2)=N1,5.66
Cc1ccc(/C=N/NC2=NC(=O)CS2)cc1,5.49
O=C1CSC(N/N=C/c2ccc(O)cc2)=N1,5.33
COc1ccc(/C=N/NC2=NC(=O)CS2)cc1,5.24
O=C1CSC(N/N=C/c2ccc([N+](=O)[O-])cc2)=N1,5.17
O=C1CSC(N/N=C/c2cccc(Br)c2)=N1,5.13
O=C1CSC(N/N=C/c2cccc(Cl)c2)=N1,4.97
O=C1CSC(N/N=C/c2cccc(F)c2)=N1,4.87
O=C1CSC(N/N=C/c2cccc(O)c2)=N1,4.71
Cc1cccc(/C=N/NC2=NC(=O)CS2)c1,4.63
O=C1CSC(N/N=C/c2cccc([N+](=O)[O-])c2)=N1,4.58
O=C1CSC(NN=C2CCCCCCC2)=N1,4.57
COc1cccc(/C=N/NC2=NC(=O)CS2)c1,4.5
O=C1CSC(NN=C2CCCCCC2)=N1,4.44
O=C1CSC(NN=C2CCCCC2)=N1,4.39
CCCCN(Cc1cccc(Cl)c1O)C(=O)Nc1ccccc1,4.49
Cc1cc(C)c(O)c(CN(Cc2ccc(O)cc2)C(=O)Nc2ccccc2)c1,5.03
O=C(Nc1ccccc1)N(Cc1ccc(O)cc1)Cc1cc(Br)cc(Br)c1O,5.95
O=C(Nc1ccccc1)N(Cc1ccc(O)cc1)Cc1cc(Cl)cc(Cl)c1O,5.73
Cc1cccc(CN(Cc2ccc(O)cc2)C(=O)Nc2ccccc2)c1O,5.12
O=C(Nc1ccccc1)N(Cc1ccc(O)cc1)Cc1cccc(Br)c1O,5.97
O=C(Nc1ccccc1)N(Cc1ccc(O)cc1)Cc1cccc(Cl)c1O,6.02
Cc1cc(C)c(O)c(CN(Cc2ccc(F)cc2)C(=O)Nc2ccccc2)c1,4.56
O=C(Nc1ccccc1)N(Cc1ccc(F)cc1)Cc1cc(Br)cc(Br)c1O,5.33
O=C(Nc1ccccc1)N(Cc1ccc(F)cc1)Cc1cc(Cl)cc(Cl)c1O,5.38
Cc1cccc(CN(Cc2ccc(F)cc2)C(=O)Nc2ccccc2)c1O,4.66
O=C(Nc1ccccc1)N(Cc1ccc(F)cc1)Cc1cccc(Br)c1O,5.65
O=C(Nc1ccccc1)N(Cc1ccc(F)cc1)Cc1cccc(Cl)c1O,5.7
CCCCN(Cc1cccc(Br)c1O)C(=O)Nc1ccccc1,4.43
Oc1c(Cl)cccc1CN(Cc1ccc(F)cc1)C(=S)Nc1ccccc1,6.17
Oc1c(Br)cccc1CN(Cc1ccc(F)cc1)C(=S)Nc1ccccc1,6.01
Cc1cccc(CN(Cc2ccc(F)cc2)C(=S)Nc2ccccc2)c1O,5.07
Oc1c(Cl)cc(Cl)cc1CN(Cc1ccc(F)cc1)C(=S)Nc1ccccc1,5.87
Oc1c(Br)cc(Br)cc1CN(Cc1ccc(F)cc1)C(=S)Nc1ccccc1,5.75
Cc1cc(C)c(O)c(CN(Cc2ccc(F)cc2)C(=S)Nc2ccccc2)c1,4.71
Oc1ccc(CN(Cc2cccc(Cl)c2O)C(=S)Nc2ccccc2)cc1,7.1
Oc1ccc(CN(Cc2cccc(Br)c2O)C(=S)Nc2ccccc2)cc1,6.92
Cc1cccc(CN(Cc2ccc(O)cc2)C(=S)Nc2ccccc2)c1O,5.46
Oc1ccc(CN(Cc2cc(Cl)cc(Cl)c2O)C(=S)Nc2ccccc2)cc1,6.25
Oc1ccc(CN(Cc2cc(Br)cc(Br)c2O)C(=S)Nc2ccccc2)cc1,6.06
Cc1cc(C)c(O)c(CN(Cc2ccc(O)cc2)C(=S)Nc2ccccc2)c1,5.23
CCCCN(Cc1cccc(Cl)c1O)C(=S)Nc1ccccc1,4.74
CCCCN(Cc1cccc(Br)c1O)C(=S)Nc1ccccc1,4.66
CCCCN(Cc1cccc(C)c1O)C(=S)Nc1ccccc1,4.36
CCCCN(Cc1cc(Cl)cc(Cl)c1O)C(=S)Nc1ccccc1,4.61
CCCCN(Cc1cc(Br)cc(Br)c1O)C(=S)Nc1ccccc1,4.5
COCCCN1CCC([C@H]2CC[C@H](n3nc(-c4ccc5nc(Cc6ccccc6Cl)[nH]c5c4)c4c(N)ncnc43)CC2)CC1,7.24
COc1ccccc1Cc1nc2ccc(-c3nn([C@H]4CC[C@H](C5CCN(C)CC5)CC4)c4ncnc(N)c34)cc2[nH]1,7.24
CC1=C(C(=O)Nc2ccc(C)cc2)C(c2ccc(O)cc2O)NC(SCc2ccccc2)=N1,4.03
CC1=C(C(=O)Nc2cccc([N+](=O)[O-])c2)C(c2ccc(O)cc2O)NC(SCc2ccccc2)=N1,4.25
CC1=C(C(=O)Nc2ccc(C)cc2)C(c2ccc(O)cc2O)NC(NCc2ccccc2)=N1,4.63
CC1=C(C(=O)Nc2ccc(C)cc2)C(c2ccc(O)cc2O)NC(Nc2ccc([N+](=O)[O-])cc2Cl)=N1,4.21
CC1=C(C(=O)Nc2cccc([N+](=O)[O-])c2)C(c2ccc(O)cc2O)NC(Nc2ccc(S(=O)(=O)Nc3ncccn3)cc2)=N1,4.05
CC1=C(C(=O)Nc2cccc([N+](=O)[O-])c2)C(c2ccc(O)cc2O)NC(Nc2ccc(S(=O)(=O)Nc3nc(C)cc(C)n3)cc2)=N1,4.1
CC1=C(C(=O)Nc2cccc([N+](=O)[O-])c2)C(c2ccc(O)cc2O)NC(NN)=N1,4.32
CC1=C(C(=O)Nc2cccc([N+](=O)[O-])c2)C(c2ccc(O)cc2O)NC(NN2C(=O)/C(=C\c3ccco3)SC2=S)=N1,4.0
CC1=C(C(=O)Nc2cccc([N+](=O)[O-])c2)C(c2ccc(O)cc2O)NC(NN2C(=O)/C(=C\c3cccs3)SC2=S)=N1,4.09
O=C(Nc1cccc(-c2cn3ccnc3c(NCc3ccncc3)n2)c1)Nc1cccc(C(F)(F)F)c1,4.3
CCN(CC)CCNC(=O)c1[nH]c2cnnc(Nc3ccc(OCc4cccc(F)c4)c(Cl)c3)c2c1C,5.94
Cc1c(C(=O)NCCCN2CCN(C)CC2)[nH]c2cnnc(Nc3ccc(OCc4cccc(F)c4)c(Cl)c3)c12,6.01
Cc1c(C(=O)NCCN2CCN(C)CC2)[nH]c2cnnc(Nc3ccc(OCc4cccc(F)c4)c(Cl)c3)c12,6.59
Cc1c(C(=O)NCCN2CCOCC2)[nH]c2cnnc(Nc3ccc(OCc4cccc(F)c4)c(Cl)c3)c12,4.9
Cc1c(C(=O)NCCN2CCOCC2)[nH]c2cnnc(Nc3ccc(OCc4ccccn4)c(Cl)c3)c12,6.06
CCOC(=O)c1[nH]c(C)c2cnnc(Nc3ccc(OCc4cccc(F)c4)c(Cl)c3)c12,5.92
CCN(CC)CCNC(=O)c1cc2cnnc(Nc3ccc(OCc4cccc(F)c4)c(Cl)c3)c2[nH]1,4.11
O=C(NCCN1CCCC1)c1cc2cnnc(Nc3ccc(OCc4cccc(F)c4)c(Cl)c3)c2[nH]1,4.82
C#Cc1cccc(Nc2ncnc3cc(OCCOC)c(OCCOC)cc23)c1.Cl,6.38
Clc1cccc(Nc2ncnc3ccc(Cl)cc23)c1,5.57
O=C(Nc1cccc(-c2nc3sccn3c2-c2ccncc2)c1)c1ccccc1Cl,6.62
O=C(Nc1cccc(-c2nc3sccn3c2-c2ccnc(Nc3ccccc3)n2)c1)c1ccccc1Cl,7.08
O=C(Nc1cccc(-c2nc3sccn3c2-c2ccnc(Nc3ccccc3)n2)c1)c1ccccc1,7.26
O=[N+]([O-])c1cccc(-c2nc3sccn3c2-c2ccnc(Nc3ccccc3)n2)c1,6.64
O=C(Nc1cccc(-c2nc3sccn3c2-c2ccnc(Nc3ccc(N4CCOCC4)cc3)n2)c1)c1ccccc1,8.1
O=C(Nc1cccc(-c2nc3sccn3c2-c2ccnc(Nc3ccc(N4CCOCC4)cc3)n2)c1)c1c(F)cccc1F,8.72
O=C(CC1CCCCC1)Nc1cccc(-c2nc3sccn3c2-c2ccnc(Nc3ccc(N4CCOCC4)cc3)n2)c1,6.06
O=C(CC1CCCC1)Nc1cccc(-c2nc3sccn3c2-c2ccnc(Nc3ccc(N4CCOCC4)cc3)n2)c1,6.18
O=C(Nc1ccccc1)Nc1cccc(-c2nc3sccn3c2-c2ccnc(Nc3ccc(N4CCOCC4)cc3)n2)c1,7.0
O=C(Nc1cccc(-c2nc3sccn3c2-c2ccnc(Nc3ccc(N4CCOCC4)cc3)n2)c1)Oc1ccccc1,6.72
O=C(Cc1ccccc1)Nc1cccc(-c2nc3sccn3c2-c2ccnc(Nc3ccc(N4CCOCC4)cc3)n2)c1,7.2
O=C(Nc1cccc(-c2nc3sccn3c2-c2ccnc(Nc3cccc(N4CCOCC4)c3)n2)c1)c1c(F)cccc1F,8.21
CN(C)CCc1ccc(Nc2nccc(-c3c(-c4cccc(NC(=O)c5c(F)cccc5F)c4)nc4sccn34)n2)cc1,9.11
CCN1CCN(c2ccc(Nc3nccc(-c4c(-c5cccc(NC(=O)c6c(F)cccc6F)c5)nc5sccn45)n3)cc2)CC1,9.02
O=C(Nc1cccc(-c2nc3sccn3c2-c2ccnc(Nc3ccc4c(c3)CCNC4)n2)c1)c1c(F)cccc1F,8.64
O=C(Cc1ccccc1)Nc1cccc(-c2nc3sccn3c2-c2ccnc(Nc3cccc(N4CCOCC4)c3)n2)c1,7.25
CN1CCc2cc(Nc3nccc(-c4c(-c5cccc(NC(=O)Cc6ccccc6)c5)nc5sccn45)n3)ccc2C1,7.24
CCN1CCN(c2ccc(Nc3nccc(-c4c(-c5cccc(NC(=O)Cc6ccccc6)c5)nc5sccn45)n3)cc2)CC1,7.8
CN(C)CCc1cccc(Nc2nccc(-c3c(-c4cccc(NC(=O)Cc5ccccc5)c4)nc4sccn34)n2)c1,7.62
O=C(Cc1ccccc1)Nc1cccc(-c2nc3sccn3c2-c2ccnc(Nc3ccc4c(c3)CCNC4)n2)c1,8.19
Nc1nc(N)c2c(n1)[nH]c1cccc(Sc3ccccc3)c12,4.82
Cc1ccc(Sc2cccc3[nH]c4nc(N)nc(N)c4c23)cc1,4.98
C#Cc1cccc(Nc2ncnc3cc(OC)c(OC)cc23)c1,6.85
C#Cc1cccc(Nc2ccnc3cc(OC)c(OC)cc23)c1,5.82
C#Cc1cccc(Nc2ccnc3cc(OCCOC)c(OCCOC)cc23)c1,5.82
CN(C)CCCC(=O)Nc1ccc2ncnc(Nc3cccc(Br)c3)c2c1,6.72
CN(C)CCCC(=O)Nc1ccc2nccc(Nc3cccc(Br)c3)c2c1,6.89
CCC(=O)Nc1ccc2nccc(Nc3cccc(Br)c3)c2c1,6.28
C=CC(=O)Nc1ccc2nccc(Nc3cccc(Br)c3)c2c1,8.49
COc1cc(Nc2c(C#N)cnc3cc(/C=C/CCN4CCN(C)CC4)c(OC)cc23)c(Cl)cc1Cl,5.48
Cl.NCCc1cn(CCCCCc2ccccc2)c2ccc(OCCc3ccc(O)cc3)cc12,5.79
Cl.NC1CCc2c(c3cc(OCCc4ccc(O)cc4)ccc3n2CCCCCc2ccccc2)C1,6.0
COc1ccc(CCCCCn2cc(CCN)c3cc(OCCc4ccc(O)cc4)ccc32)cc1.Cl,5.36
CSc1ccc(CCCCCn2cc(CCN)c3cc(OCCc4ccc(O)cc4)ccc32)cc1.Cl,5.72
Cl.NCCc1cn(Cc2ccc(-c3cccc(C(F)(F)F)c3)cc2)c2ccc(OCCc3ccc(O)cc3)cc12,5.96
COc1ccc(-c2ccc(Cn3cc(CCN)c4cc(OCCc5ccc(O)cc5)ccc43)cc2)cc1.Cl,5.9
Cl.NCCc1cn(Cc2ccc(-c3ccccc3)cc2)c2ccc(OCCc3ccc(O)cc3)cc12,5.89
Cl.NCCc1c[nH]c2ccc(OCCc3ccc(O)cc3)cc12,5.68
COc1ccc(CCOc2ccc3c(c2)c(CCN)cn3CCCCCc2ccc(SC)cc2)cc1.Cl,5.61
CN(C)c1ccc(CCCCCn2c3c(c4cc(OCCc5ccc(O)cc5)ccc42)CC(N)CC3)cc1.Cl.Cl,5.72
COc1ccc(CCCCCn2c3c(c4cc(OCCc5ccc(O)cc5)ccc42)CC(N)CC3)cc1.Cl,5.86
Cl.NC1CCc2c(c3cc(OCCc4ccc(O)cc4)ccc3n2CCCCCc2ccc(C(F)(F)F)cc2)C1,5.56
Cl.Cl.NC1CCc2c(c3cc(OCCc4ccc(O)cc4)ccc3n2CCCCCc2ccccn2)C1,5.64
Cl.NC1CCc2c(c3cc(OCCc4ccc(O)cc4)ccc3n2CCCc2ccccc2)C1,5.6
Cl.NC1CCc2[nH]c3ccc(OCCc4ccc(O)cc4)cc3c2C1,4.82
Nc1nc(Nc2ccc(F)c(Br)c2)c2cc(CCc3ccccc3)[nH]c2n1,4.64
c1ccc(CCc2cc3c(Nc4ccc5[nH]ccc5c4)ncnc3[nH]2)cc1,4.25
Nc1nc(Nc2cccc(Br)c2)c2cc(Cc3ccc(Cl)cc3Cl)[nH]c2n1,6.7
